,word,entity,year_from,year_to,song_name,zbirka_name,podzbirka_name
3,темничиштево,NORP,1941,1945,ПЕСНА ЗА ЖИВОТОТ,ОД СТАРИОТ НОТЕС (1941‡1945),ОД СТАРИОТ НОТЕС (1941‡1945)
9,ииии,PERSON,1941,1945,ПЕСНА ЗА ЖИВОТОТ,ОД СТАРИОТ НОТЕС (1941‡1945),ОД СТАРИОТ НОТЕС (1941‡1945)
27,горок,GPE,1941,1945,КАМБАНИ,ОД СТАРИОТ НОТЕС (1941‡1945),ОД СТАРИОТ НОТЕС (1941‡1945)
30,ноќта,TIME,1941,1945,НОЌНА ПЕСНА,ОД СТАРИОТ НОТЕС (1941‡1945),ОД СТАРИОТ НОТЕС (1941‡1945)
33,опијани,GPE,1941,1945,НОЌНА ПЕСНА,ОД СТАРИОТ НОТЕС (1941‡1945),ОД СТАРИОТ НОТЕС (1941‡1945)
37,ноќта усинува,FAC,1941,1945,НОЌНА ПЕСНА,ОД СТАРИОТ НОТЕС (1941‡1945),ОД СТАРИОТ НОТЕС (1941‡1945)
44,окрили,GPE,1941,1945,НОЌНА ПЕСНА,ОД СТАРИОТ НОТЕС (1941‡1945),ОД СТАРИОТ НОТЕС (1941‡1945)
45,лула,QUANTITY,1941,1945,НОЌНА ПЕСНА,ОД СТАРИОТ НОТЕС (1941‡1945),ОД СТАРИОТ НОТЕС (1941‡1945)
45,темносино,NORP,1941,1945,НОЌНА ПЕСНА,ОД СТАРИОТ НОТЕС (1941‡1945),ОД СТАРИОТ НОТЕС (1941‡1945)
56,препречи,PERSON,1941,1945,РАЗДЕЛБА,ОД СТАРИОТ НОТЕС (1941‡1945),ОД СТАРИОТ НОТЕС (1941‡1945)
57,препречи,PERSON,1941,1945,РАЗДЕЛБА,ОД СТАРИОТ НОТЕС (1941‡1945),ОД СТАРИОТ НОТЕС (1941‡1945)
69,еднаш,TIME,1941,1945,ЗАКОПНА ПЕСНА,ОД СТАРИОТ НОТЕС (1941‡1945),ОД СТАРИОТ НОТЕС (1941‡1945)
70,прва,ORDINAL,1941,1945,ЗАКОПНА ПЕСНА,ОД СТАРИОТ НОТЕС (1941‡1945),ОД СТАРИОТ НОТЕС (1941‡1945)
72,ноќе,TIME,1941,1945,ЗАКОПНА ПЕСНА,ОД СТАРИОТ НОТЕС (1941‡1945),ОД СТАРИОТ НОТЕС (1941‡1945)
104,немец,PERSON,1945,1945,1,MOSTOT (1945) ПOЕМА,MOSTOT (1945) ПOЕМА
111,мак,NORP,1945,1945,1,MOSTOT (1945) ПOЕМА,MOSTOT (1945) ПOЕМА
116,чади,FAC,1945,1945,1,MOSTOT (1945) ПOЕМА,MOSTOT (1945) ПOЕМА
146,напина,PERSON,1945,1945,2,MOSTOT (1945) ПOЕМА,MOSTOT (1945) ПOЕМА
177,две,CARDINAL,1945,1945,2,MOSTOT (1945) ПOЕМА,MOSTOT (1945) ПOЕМА
178,обвиснат,GPE,1945,1945,2,MOSTOT (1945) ПOЕМА,MOSTOT (1945) ПOЕМА
182,плиска,NORP,1945,1945,3,MOSTOT (1945) ПOЕМА,MOSTOT (1945) ПOЕМА
190,немец,PERSON,1945,1945,4,MOSTOT (1945) ПOЕМА,MOSTOT (1945) ПOЕМА
211,обгарена,LOC,1945,1945,5,MOSTOT (1945) ПOЕМА,MOSTOT (1945) ПOЕМА
224,вода,PRODUCT,1945,1945,5,MOSTOT (1945) ПOЕМА,MOSTOT (1945) ПOЕМА
238,дален,PERSON,1945,1945,СКАЗНАТА НА СТАРИОТ МАЈСТОР,MOSTOT (1945) ПOЕМА,MOSTOT (1945) ПOЕМА
239,прв,ORDINAL,1945,1945,СКАЗНАТА НА СТАРИОТ МАЈСТОР,MOSTOT (1945) ПOЕМА,MOSTOT (1945) ПOЕМА
245,мак,NORP,1945,1945,СКАЗНАТА НА СТАРИОТ МАЈСТОР,MOSTOT (1945) ПOЕМА,MOSTOT (1945) ПOЕМА
255,божик,GPE,1945,1945,СКАЗНАТА НА СТАРИОТ МАЈСТОР,MOSTOT (1945) ПOЕМА,MOSTOT (1945) ПOЕМА
263,усмев,GPE,1945,1945,СКАЗНАТА НА СТАРИОТ МАЈСТОР,MOSTOT (1945) ПOЕМА,MOSTOT (1945) ПOЕМА
276,робјаш бев,PERSON,1945,1945,СКАЗНАТА НА СТАРИОТ МАЈСТОР,MOSTOT (1945) ПOЕМА,MOSTOT (1945) ПOЕМА
279,шумен,GPE,1945,1945,СКАЗНАТА НА СТАРИОТ МАЈСТОР,MOSTOT (1945) ПOЕМА,MOSTOT (1945) ПOЕМА
279,прва,ORDINAL,1945,1945,СКАЗНАТА НА СТАРИОТ МАЈСТОР,MOSTOT (1945) ПOЕМА,MOSTOT (1945) ПOЕМА
281,три,CARDINAL,1945,1945,СКАЗНАТА НА СТАРИОТ МАЈСТОР,MOSTOT (1945) ПOЕМА,MOSTOT (1945) ПOЕМА
281,зима,DATE,1945,1945,СКАЗНАТА НА СТАРИОТ МАЈСТОР,MOSTOT (1945) ПOЕМА,MOSTOT (1945) ПOЕМА
282,страд,ORG,1945,1945,СКАЗНАТА НА СТАРИОТ МАЈСТОР,MOSTOT (1945) ПOЕМА,MOSTOT (1945) ПOЕМА
291,вет,TIME,1945,1945,СКАЗНАТА НА СТАРИОТ МАЈСТОР,MOSTOT (1945) ПOЕМА,MOSTOT (1945) ПOЕМА
301,дента мост сразен,FAC,1945,1945,СКАЗНАТА НА СТАРИОТ МАЈСТОР,MOSTOT (1945) ПOЕМА,MOSTOT (1945) ПOЕМА
302,сокли,PERSON,1945,1945,СКАЗНАТА НА СТАРИОТ МАЈСТОР,MOSTOT (1945) ПOЕМА,MOSTOT (1945) ПOЕМА
312,прв,ORDINAL,1945,1945,СКАЗНАТА НА СТАРИОТ МАЈСТОР,MOSTOT (1945) ПOЕМА,MOSTOT (1945) ПOЕМА
333,прегне,GPE,1945,1945,СКАЗНАТА НА СТАРИОТ МАЈСТОР,MOSTOT (1945) ПOЕМА,MOSTOT (1945) ПOЕМА
338,бодер,LOC,1945,1945,СКАЗНАТА НА СТАРИОТ МАЈСТОР,MOSTOT (1945) ПOЕМА,MOSTOT (1945) ПOЕМА
349,плиска,NORP,1945,1945,7,MOSTOT (1945) ПOЕМА,MOSTOT (1945) ПOЕМА
358,стине,NORP,1945,1945,7,MOSTOT (1945) ПOЕМА,MOSTOT (1945) ПOЕМА
369,полегат,NORP,1945,1945,7,MOSTOT (1945) ПOЕМА,MOSTOT (1945) ПOЕМА
384,напина,PERSON,1945,1945,7,MOSTOT (1945) ПOЕМА,MOSTOT (1945) ПOЕМА
428,писок,NORP,1948,1948,ТЕШКОТО,ЗЕМЈАТА И ЉУБОВТА (1948),ЗЕМЈАТА И ЉУБОВТА (1948)
434,потулен,NORP,1948,1948,ТЕШКОТО,ЗЕМЈАТА И ЉУБОВТА (1948),ЗЕМЈАТА И ЉУБОВТА (1948)
440,врасло кипнатово оро,PERSON,1948,1948,ТЕШКОТО,ЗЕМЈАТА И ЉУБОВТА (1948),ЗЕМЈАТА И ЉУБОВТА (1948)
452,нижел,PERSON,1948,1948,ТЕШКОТО,ЗЕМЈАТА И ЉУБОВТА (1948),ЗЕМЈАТА И ЉУБОВТА (1948)
457,сура,GPE,1948,1948,ТЕШКОТО,ЗЕМЈАТА И ЉУБОВТА (1948),ЗЕМЈАТА И ЉУБОВТА (1948)
459,ридја,GPE,1948,1948,ТЕШКОТО,ЗЕМЈАТА И ЉУБОВТА (1948),ЗЕМЈАТА И ЉУБОВТА (1948)
461,сен сен,PERSON,1948,1948,ТЕШКОТО,ЗЕМЈАТА И ЉУБОВТА (1948),ЗЕМЈАТА И ЉУБОВТА (1948)
473,пеплишта,NORP,1948,1948,ТЕШКОТО,ЗЕМЈАТА И ЉУБОВТА (1948),ЗЕМЈАТА И ЉУБОВТА (1948)
484,тан крвје,PERSON,1948,1948,ТЕШКОТО,ЗЕМЈАТА И ЉУБОВТА (1948),ЗЕМЈАТА И ЉУБОВТА (1948)
489,оро,ORDINAL,1948,1948,ТЕШКОТО,ЗЕМЈАТА И ЉУБОВТА (1948),ЗЕМЈАТА И ЉУБОВТА (1948)
496,трендафил,PERSON,1948,1948,ТЕШКОТО,ЗЕМЈАТА И ЉУБОВТА (1948),ЗЕМЈАТА И ЉУБОВТА (1948)
502,апцани,NORP,1948,1948,ТЕШКОТО,ЗЕМЈАТА И ЉУБОВТА (1948),ЗЕМЈАТА И ЉУБОВТА (1948)
509,два,CARDINAL,1948,1948,2,ЗЕМЈАТА И ЉУБОВТА (1948),ЗЕМЈАТА И ЉУБОВТА (1948)
513,мак,NORP,1948,1948,2,ЗЕМЈАТА И ЉУБОВТА (1948),ЗЕМЈАТА И ЉУБОВТА (1948)
515,зандан,GPE,1948,1948,3,ЗЕМЈАТА И ЉУБОВТА (1948),ЗЕМЈАТА И ЉУБОВТА (1948)
516,два,CARDINAL,1948,1948,3,ЗЕМЈАТА И ЉУБОВТА (1948),ЗЕМЈАТА И ЉУБОВТА (1948)
518,зандан,GPE,1948,1948,3,ЗЕМЈАТА И ЉУБОВТА (1948),ЗЕМЈАТА И ЉУБОВТА (1948)
538,издемна,NORP,1948,1948,4,ЗЕМЈАТА И ЉУБОВТА (1948),ЗЕМЈАТА И ЉУБОВТА (1948)
553,мнуче,NORP,1948,1948,6,ЗЕМЈАТА И ЉУБОВТА (1948),ЗЕМЈАТА И ЉУБОВТА (1948)
556,стојан,PERSON,1948,1948,7,ЗЕМЈАТА И ЉУБОВТА (1948),ЗЕМЈАТА И ЉУБОВТА (1948)
558,стојан,PERSON,1948,1948,7,ЗЕМЈАТА И ЉУБОВТА (1948),ЗЕМЈАТА И ЉУБОВТА (1948)
562,стојан,PERSON,1948,1948,7,ЗЕМЈАТА И ЉУБОВТА (1948),ЗЕМЈАТА И ЉУБОВТА (1948)
564,стојан,PERSON,1948,1948,7,ЗЕМЈАТА И ЉУБОВТА (1948),ЗЕМЈАТА И ЉУБОВТА (1948)
569,мнуче,NORP,1948,1948,ПЕСНАТА,ЗЕМЈАТА И ЉУБОВТА (1948),ЗЕМЈАТА И ЉУБОВТА (1948)
574,роси,GPE,1948,1948,ПЕСНАТА,ЗЕМЈАТА И ЉУБОВТА (1948),ЗЕМЈАТА И ЉУБОВТА (1948)
579,стојан,PERSON,1948,1948,ПЕСНАТА,ЗЕМЈАТА И ЉУБОВТА (1948),ЗЕМЈАТА И ЉУБОВТА (1948)
584,стојан,PERSON,1948,1948,ПЕСНАТА,ЗЕМЈАТА И ЉУБОВТА (1948),ЗЕМЈАТА И ЉУБОВТА (1948)
597,полноќ,TIME,1948,1948,ПЕСНАТА,ЗЕМЈАТА И ЉУБОВТА (1948),ЗЕМЈАТА И ЉУБОВТА (1948)
598,четов,TIME,1948,1948,ПЕСНАТА,ЗЕМЈАТА И ЉУБОВТА (1948),ЗЕМЈАТА И ЉУБОВТА (1948)
599,згоре,NORP,1948,1948,ПЕСНАТА,ЗЕМЈАТА И ЉУБОВТА (1948),ЗЕМЈАТА И ЉУБОВТА (1948)
611,крепко,PERSON,1948,1948,ПИСМО,ЗЕМЈАТА И ЉУБОВТА (1948),ЗЕМЈАТА И ЉУБОВТА (1948)
628,две,CARDINAL,1948,1948,ПИСМО,ЗЕМЈАТА И ЉУБОВТА (1948),ЗЕМЈАТА И ЉУБОВТА (1948)
641,страд,ORG,1948,1948,НА ГРАНИЦА,ЗЕМЈАТА И ЉУБОВТА (1948),ЗЕМЈАТА И ЉУБОВТА (1948)
643,ноќе,TIME,1948,1948,НА ГРАНИЦА,ЗЕМЈАТА И ЉУБОВТА (1948),ЗЕМЈАТА И ЉУБОВТА (1948)
645,праз,LOC,1948,1948,НА ГРАНИЦА,ЗЕМЈАТА И ЉУБОВТА (1948),ЗЕМЈАТА И ЉУБОВТА (1948)
646,кол,ORG,1948,1948,НА ГРАНИЦА,ЗЕМЈАТА И ЉУБОВТА (1948),ЗЕМЈАТА И ЉУБОВТА (1948)
653,умир,LOC,1948,1948,НА ГРАНИЦА,ЗЕМЈАТА И ЉУБОВТА (1948),ЗЕМЈАТА И ЉУБОВТА (1948)
665,брег брег,GPE,1948,1948,НА ГРАНИЦА,ЗЕМЈАТА И ЉУБОВТА (1948),ЗЕМЈАТА И ЉУБОВТА (1948)
675,громок,PERSON,1948,1948,НА ГРАНИЦА,ЗЕМЈАТА И ЉУБОВТА (1948),ЗЕМЈАТА И ЉУБОВТА (1948)
679,прилеп,GPE,1948,1948,НА ГРАНИЦА,ЗЕМЈАТА И ЉУБОВТА (1948),ЗЕМЈАТА И ЉУБОВТА (1948)
698,мај,DATE,1948,1948,– БАЛАДА –,ЗЕМЈАТА И ЉУБОВТА (1948),ЗЕМЈАТА И ЉУБОВТА (1948)
713,страд,GPE,1948,1948,– БАЛАДА –,ЗЕМЈАТА И ЉУБОВТА (1948),ЗЕМЈАТА И ЉУБОВТА (1948)
720,вилен,PERSON,1948,1948,– БАЛАДА –,ЗЕМЈАТА И ЉУБОВТА (1948),ЗЕМЈАТА И ЉУБОВТА (1948)
739,прв,ORDINAL,1948,1948,– БАЛАДА –,ЗЕМЈАТА И ЉУБОВТА (1948),ЗЕМЈАТА И ЉУБОВТА (1948)
743,небо,CARDINAL,1948,1948,– БАЛАДА –,ЗЕМЈАТА И ЉУБОВТА (1948),ЗЕМЈАТА И ЉУБОВТА (1948)
745,румен,GPE,1948,1948,– БАЛАДА –,ЗЕМЈАТА И ЉУБОВТА (1948),ЗЕМЈАТА И ЉУБОВТА (1948)
754,зима,DATE,1948,1948,– БАЛАДА –,ЗЕМЈАТА И ЉУБОВТА (1948),ЗЕМЈАТА И ЉУБОВТА (1948)
763,прв,ORDINAL,1948,1948,– БАЛАДА –,ЗЕМЈАТА И ЉУБОВТА (1948),ЗЕМЈАТА И ЉУБОВТА (1948)
773,пролет,DATE,1948,1948,ПРОЛЕТНА ПЕСНА,ЗЕМЈАТА И ЉУБОВТА (1948),ЗЕМЈАТА И ЉУБОВТА (1948)
786,снежец,PERSON,1948,1948,ПРОЛЕТНА ПЕСНА,ЗЕМЈАТА И ЉУБОВТА (1948),ЗЕМЈАТА И ЉУБОВТА (1948)
797,окрилен,PERSON,1948,1948,ПРОЛЕТНА ПЕСНА,ЗЕМЈАТА И ЉУБОВТА (1948),ЗЕМЈАТА И ЉУБОВТА (1948)
800,јасников,PERSON,1948,1948,ВЕСЕЛА ПЕСНА,ЗЕМЈАТА И ЉУБОВТА (1948),ЗЕМЈАТА И ЉУБОВТА (1948)
812,румен,GPE,1948,1948,ВЕСЕЛА ПЕСНА,ЗЕМЈАТА И ЉУБОВТА (1948),ЗЕМЈАТА И ЉУБОВТА (1948)
814,вледениш ведорница,PERSON,1948,1948,ВЕСЕЛА ПЕСНА,ЗЕМЈАТА И ЉУБОВТА (1948),ЗЕМЈАТА И ЉУБОВТА (1948)
815,утро,TIME,1948,1948,ВЕСЕЛА ПЕСНА,ЗЕМЈАТА И ЉУБОВТА (1948),ЗЕМЈАТА И ЉУБОВТА (1948)
816,наутро,TIME,1948,1948,ПОЛНОЌ,ЗЕМЈАТА И ЉУБОВТА (1948),ЗЕМЈАТА И ЉУБОВТА (1948)
826,утрово,TIME,1948,1948,ПОЛНОЌ,ЗЕМЈАТА И ЉУБОВТА (1948),ЗЕМЈАТА И ЉУБОВТА (1948)
838,двајца,CARDINAL,1948,1948,УТРО,ЗЕМЈАТА И ЉУБОВТА (1948),ЗЕМЈАТА И ЉУБОВТА (1948)
838,два,CARDINAL,1948,1948,УТРО,ЗЕМЈАТА И ЉУБОВТА (1948),ЗЕМЈАТА И ЉУБОВТА (1948)
848,планино,GPE,1948,1948,УТРО,ЗЕМЈАТА И ЉУБОВТА (1948),ЗЕМЈАТА И ЉУБОВТА (1948)
849,ноќта,TIME,1948,1948,УТРО,ЗЕМЈАТА И ЉУБОВТА (1948),ЗЕМЈАТА И ЉУБОВТА (1948)
865,две,CARDINAL,1948,1948,КАРАОРМАН,ЗЕМЈАТА И ЉУБОВТА (1948),ЗЕМЈАТА И ЉУБОВТА (1948)
867,турци,NORP,1948,1948,КАРАОРМАН,ЗЕМЈАТА И ЉУБОВТА (1948),ЗЕМЈАТА И ЉУБОВТА (1948)
870,двете,CARDINAL,1948,1948,КАРАОРМАН,ЗЕМЈАТА И ЉУБОВТА (1948),ЗЕМЈАТА И ЉУБОВТА (1948)
871,двете,CARDINAL,1948,1948,КАРАОРМАН,ЗЕМЈАТА И ЉУБОВТА (1948),ЗЕМЈАТА И ЉУБОВТА (1948)
879,извир,PERSON,1948,1948,КАРАОРМАН,ЗЕМЈАТА И ЉУБОВТА (1948),ЗЕМЈАТА И ЉУБОВТА (1948)
900,долетај,PERSON,1948,1948,КАРАОРМАН,ЗЕМЈАТА И ЉУБОВТА (1948),ЗЕМЈАТА И ЉУБОВТА (1948)
903,три ноќи,DATE,1948,1948,1,ЗЕМЈАТА И ЉУБОВТА (1948),ЗЕМЈАТА И ЉУБОВТА (1948)
911,водје,PERSON,1948,1948,1,ЗЕМЈАТА И ЉУБОВТА (1948),ЗЕМЈАТА И ЉУБОВТА (1948)
912,сура рид,GPE,1948,1948,1,ЗЕМЈАТА И ЉУБОВТА (1948),ЗЕМЈАТА И ЉУБОВТА (1948)
920,далга,PERSON,1948,1948,1,ЗЕМЈАТА И ЉУБОВТА (1948),ЗЕМЈАТА И ЉУБОВТА (1948)
930,далга брег,PERSON,1948,1948,2,ЗЕМЈАТА И ЉУБОВТА (1948),ЗЕМЈАТА И ЉУБОВТА (1948)
931,модри рид,GPE,1948,1948,2,ЗЕМЈАТА И ЉУБОВТА (1948),ЗЕМЈАТА И ЉУБОВТА (1948)
943,ноќе далга,PERSON,1948,1948,1,ЗЕМЈАТА И ЉУБОВТА (1948),ЗЕМЈАТА И ЉУБОВТА (1948)
946,срцево,NORP,1948,1948,2,ЗЕМЈАТА И ЉУБОВТА (1948),ЗЕМЈАТА И ЉУБОВТА (1948)
954,плиска,NORP,1948,1948,3,ЗЕМЈАТА И ЉУБОВТА (1948),ЗЕМЈАТА И ЉУБОВТА (1948)
955,далга,PERSON,1948,1948,3,ЗЕМЈАТА И ЉУБОВТА (1948),ЗЕМЈАТА И ЉУБОВТА (1948)
969,топи,NORP,1948,1948,3,ЗЕМЈАТА И ЉУБОВТА (1948),ЗЕМЈАТА И ЉУБОВТА (1948)
994,лега,GPE,1948,1948,5,ЗЕМЈАТА И ЉУБОВТА (1948),ЗЕМЈАТА И ЉУБОВТА (1948)
1020,срцево,ORG,1948,1948,7,ЗЕМЈАТА И ЉУБОВТА (1948),ЗЕМЈАТА И ЉУБОВТА (1948)
1028,утрово,TIME,1948,1948,7,ЗЕМЈАТА И ЉУБОВТА (1948),ЗЕМЈАТА И ЉУБОВТА (1948)
1034,мак,NORP,1948,1948,7,ЗЕМЈАТА И ЉУБОВТА (1948),ЗЕМЈАТА И ЉУБОВТА (1948)
1037,пролет,DATE,1948,1948,7,ЗЕМЈАТА И ЉУБОВТА (1948),ЗЕМЈАТА И ЉУБОВТА (1948)
1041,рамнино,GPE,1953,1953,ЗОВ,ПЕСНИ (1953),ЛИРСКИ ЗАПИСИ
1041,наутро,DATE,1953,1953,ЗОВ,ПЕСНИ (1953),ЛИРСКИ ЗАПИСИ
1043,шипје,GPE,1953,1953,ЗОВ,ПЕСНИ (1953),ЛИРСКИ ЗАПИСИ
1047,постелам,LOC,1953,1953,ЗОВ,ПЕСНИ (1953),ЛИРСКИ ЗАПИСИ
1048,срцево,NORP,1953,1953,ЗОВ,ПЕСНИ (1953),ЛИРСКИ ЗАПИСИ
1048,рзак,PERSON,1953,1953,ЗОВ,ПЕСНИ (1953),ЛИРСКИ ЗАПИСИ
1056,гушне,PERSON,1953,1953,ПРОЛЕТ,ПЕСНИ (1953),ЛИРСКИ ЗАПИСИ
1068,роси,GPE,1953,1953,РАМНИНА,ПЕСНИ (1953),ЛИРСКИ ЗАПИСИ
1120,камари,GPE,1953,1953,ОЧАЈ,ПЕСНИ (1953),ЛИРСКИ ЗАПИСИ
1124,кален,PERSON,1953,1953,МОЛИТВА,ПЕСНИ (1953),ЛИРСКИ ЗАПИСИ
1134,дош,ORG,1953,1953,МОЛИТВА,ПЕСНИ (1953),ЛИРСКИ ЗАПИСИ
1166,сен,PERSON,1953,1953,СМРТНА ПЕСНА,ПЕСНИ (1953),ЛИРСКИ ЗАПИСИ
1181,молкум,PERSON,1953,1953,ПОЛНОЌ,ПЕСНИ (1953),ЛИРСКИ ЗАПИСИ
1183,тиок час,DATE,1953,1953,ПОЛНОЌ,ПЕСНИ (1953),ЛИРСКИ ЗАПИСИ
1196,водје,GPE,1953,1953,СОН,ПЕСНИ (1953),ЛИРСКИ ЗАПИСИ
1196,водје,GPE,1953,1953,СОН,ПЕСНИ (1953),ЛИРСКИ ЗАПИСИ
1200,водје,GPE,1953,1953,СОН,ПЕСНИ (1953),ЛИРСКИ ЗАПИСИ
1200,водје,GPE,1953,1953,СОН,ПЕСНИ (1953),ЛИРСКИ ЗАПИСИ
1206,шумоли,PERSON,1953,1953,ПЕСНА ЗА МАСЛИНКИТЕ,ПЕСНИ (1953),ЛИРСКИ ЗАПИСИ
1210,ноќе,TIME,1953,1953,ПЕСНА ЗА МАСЛИНКИТЕ,ПЕСНИ (1953),ЛИРСКИ ЗАПИСИ
1213,едно,CARDINAL,1953,1953,ПЕСНА ЗА МАСЛИНКИТЕ,ПЕСНИ (1953),ЛИРСКИ ЗАПИСИ
1224,лекуј лекуј земја,PERSON,1953,1953,ПРОШТАЛНА ПЕСНА,ПЕСНИ (1953),ЛИРСКИ ЗАПИСИ
1231,сонченце,TIME,1953,1953,ПРОШТАЛНА ПЕСНА,ПЕСНИ (1953),ЛИРСКИ ЗАПИСИ
1237,мак,NORP,1953,1953,ПРОШТАЛНА ПЕСНА,ПЕСНИ (1953),ЛИРСКИ ЗАПИСИ
1262,прва,ORDINAL,1953,1953,ЗИМЕН ДЕН,ПЕСНИ (1953),ЛИРСКИ ЗАПИСИ
1280,вишина,LOC,1953,1953,ПЕСНА,ПЕСНИ (1953),ЛИРСКИ ЗАПИСИ
1287,два,CARDINAL,1953,1953,ПЕСНА,ПЕСНИ (1953),ЛИРСКИ ЗАПИСИ
1299,трпко сјаи,PERSON,1953,1953,БУРА,ПЕСНИ (1953),ЛИРСКИ ЗАПИСИ
1300,маглен,NORP,1953,1953,БУРА,ПЕСНИ (1953),ЛИРСКИ ЗАПИСИ
1314,срцево,NORP,1953,1953,ПЕСНА,ПЕСНИ (1953),ЛИРСКИ ЗАПИСИ
1315,срцево,NORP,1953,1953,ПЕСНА,ПЕСНИ (1953),ЛИРСКИ ЗАПИСИ
1317,двајца,CARDINAL,1953,1953,ПЕСНА,ПЕСНИ (1953),ЛИРСКИ ЗАПИСИ
1323,едно,CARDINAL,1953,1953,ПЕСНА,ПЕСНИ (1953),ЛИРСКИ ЗАПИСИ
1324,милозлива,GPE,1953,1953,ПЕСНА,ПЕСНИ (1953),ЛИРСКИ ЗАПИСИ
1349,сен мотка,ORG,1953,1953,ПЕСНА,ПЕСНИ (1953),ЛИРСКИ ЗАПИСИ
1350,молкум,PERSON,1953,1953,ПЕСНА,ПЕСНИ (1953),ЛИРСКИ ЗАПИСИ
1359,дален,PERSON,1953,1953,СЛУЖБА,ПЕСНИ (1953),ЛИРСКИ ЗАПИСИ
1366,изгрме,CARDINAL,1953,1953,СПОМЕН ЗА СЛАВЕЈ,ПЕСНИ (1953),ЛИРСКИ ЗАПИСИ
1368,страд,ORG,1953,1953,СПОМЕН ЗА СЛАВЕЈ,ПЕСНИ (1953),ЛИРСКИ ЗАПИСИ
1382,окне,GPE,1953,1953,БДЕЕЊЕ,ПЕСНИ (1953),ЛИРСКИ ЗАПИСИ
1387,моево,NORP,1953,1953,БДЕЕЊЕ,ПЕСНИ (1953),ЛИРСКИ ЗАПИСИ
1393,црн мигновен,LOC,1953,1953,БДЕЕЊЕ,ПЕСНИ (1953),ЛИРСКИ ЗАПИСИ
1403,есен,DATE,1953,1953,БДЕЕЊЕ,ПЕСНИ (1953),ЛИРСКИ ЗАПИСИ
1405,прва,ORDINAL,1953,1953,БДЕЕЊЕ,ПЕСНИ (1953),ЛИРСКИ ЗАПИСИ
1410,морен,PERSON,1953,1953,ЉУБОВ,ПЕСНИ (1953),ЛИРСКИ ЗАПИСИ
1427,мак,NORP,1953,1953,РАЗДЕЛЕНОСТ,ПЕСНИ (1953),ЛИРСКИ ЗАПИСИ
1449,мај,CARDINAL,1953,1953,БЕГСТВО,ПЕСНИ (1953),ЛИРСКИ ЗАПИСИ
1472,талас,PERSON,1953,1953,УСПИВАЊЕ НА БОЛНО ДЕТЕ,ПЕСНИ (1953),ЛИРСКИ ЗАПИСИ
1475,мак,NORP,1953,1953,УСПИВАЊЕ НА БОЛНО ДЕТЕ,ПЕСНИ (1953),ЛИРСКИ ЗАПИСИ
1476,прво,ORDINAL,1953,1953,УСПИВАЊЕ НА БОЛНО ДЕТЕ,ПЕСНИ (1953),ЛИРСКИ ЗАПИСИ
1476,девојченца,GPE,1953,1953,УСПИВАЊЕ НА БОЛНО ДЕТЕ,ПЕСНИ (1953),ЛИРСКИ ЗАПИСИ
1485,разлетуваат,PERSON,1953,1953,’РЖ,ПЕСНИ (1953),ЛИРСКИ ЗАПИСИ
1487,ѕвечлива,NORP,1953,1953,’РЖ,ПЕСНИ (1953),ЛИРСКИ ЗАПИСИ
1495,румен,GPE,1953,1953,’РЖ,ПЕСНИ (1953),ЛИРСКИ ЗАПИСИ
1501,пролет,DATE,1953,1953,ПЧЕНИЦА,ПЕСНИ (1953),ЛИРСКИ ЗАПИСИ
1502,десет,CARDINAL,1953,1953,ПЧЕНИЦА,ПЕСНИ (1953),ЛИРСКИ ЗАПИСИ
1521,плат,GPE,1953,1953,МАК,ПЕСНИ (1953),ЛИРСКИ ЗАПИСИ
1536,дипла талас талас,PERSON,1953,1953,ПРОЛЕТНА ВЕЧЕР,ПЕСНИ (1953),ЛИРСКИ ЗАПИСИ
1537,диплат,PERSON,1953,1953,ПРОЛЕТНА ВЕЧЕР,ПЕСНИ (1953),ЛИРСКИ ЗАПИСИ
1551,десет,CARDINAL,1953,1953,ПРОЛЕТНА ВЕЧЕР,ПЕСНИ (1953),ЛИРСКИ ЗАПИСИ
1555,трите,CARDINAL,1953,1953,ПРОЛЕТНА ВЕЧЕР,ПЕСНИ (1953),ЛИРСКИ ЗАПИСИ
1584,опков,PERSON,1953,1953,ЧЕКАЊЕ,ПЕСНИ (1953),ЛИРСКИ ЗАПИСИ
1601,небо ѕид,QUANTITY,1953,1953,МАТУРАНТИ,ПЕСНИ (1953),ЛИРСКИ ЗАПИСИ
1608,калемегдан,GPE,1953,1953,МАТУРАНТИ,ПЕСНИ (1953),ЛИРСКИ ЗАПИСИ
1609,покрај сава,DATE,1953,1953,МАТУРАНТИ,ПЕСНИ (1953),ЛИРСКИ ЗАПИСИ
1613,калемéгдан,GPE,1953,1953,ИКОНА,ПЕСНИ (1953),ЛИРСКИ ЗАПИСИ
1616,водје,GPE,1953,1953,ИКОНА,ПЕСНИ (1953),ЛИРСКИ ЗАПИСИ
1627,ширна ре,PRODUCT,1953,1953,ГУГУЧКА,ПЕСНИ (1953),ЛИРСКИ ЗАПИСИ
1630,плиска,NORP,1953,1953,АНГЕЛОТ НА СВЕТА СОФИЈА,ПЕСНИ (1953),ЛИРСКИ ЗАПИСИ
1631,мак,NORP,1953,1953,АНГЕЛОТ НА СВЕТА СОФИЈА,ПЕСНИ (1953),ЛИРСКИ ЗАПИСИ
1647,ломен,PERSON,1953,1953,КАЛЕМЕГДАН,ПЕСНИ (1953),ЛИРСКИ ЗАПИСИ
1649,скопје,GPE,1953,1953,КАЛЕМЕГДАН,ПЕСНИ (1953),ЛИРСКИ ЗАПИСИ
1652,скопје,GPE,1953,1953,КАЛЕМЕГДАН,ПЕСНИ (1953),ЛИРСКИ ЗАПИСИ
1664,секавица,PERSON,1953,1953,КАЛЕМЕГДАН,ПЕСНИ (1953),ЛИРСКИ ЗАПИСИ
1668,разбунtува,NORP,1953,1953,КАЛЕМЕГДАН,ПЕСНИ (1953),ЛИРСКИ ЗАПИСИ
1668,беgовиtе,LANGUAGE,1953,1953,КАЛЕМЕГДАН,ПЕСНИ (1953),ЛИРСКИ ЗАПИСИ
1669,ноќта,TIME,1953,1953,КАЛЕМЕГДАН,ПЕСНИ (1953),ЛИРСКИ ЗАПИСИ
1670,немирници,ORG,1953,1953,КАЛЕМЕГДАН,ПЕСНИ (1953),ЛИРСКИ ЗАПИСИ
1672,војско,PERSON,1953,1953,КАЛЕМЕГДАН,ПЕСНИ (1953),ЛИРСКИ ЗАПИСИ
1680,војско,PERSON,1953,1953,КАЛЕМЕГДАН,ПЕСНИ (1953),ЛИРСКИ ЗАПИСИ
1684,грабај,PERSON,1953,1953,СКОПЈЕ,ПЕСНИ (1953),ЛИРСКИ ЗАПИСИ
1686,ластегарка,NORP,1953,1953,СКОПЈЕ,ПЕСНИ (1953),ЛИРСКИ ЗАПИСИ
1708,свадбар,GPE,1953,1953,Во 1689 gодина gо разбунtува Карpош pроtив беgовиtе Кумановскиоt крај.,ПЕСНИ (1953),БУНАТА КАРПОШОВА
1709,буно карпошова,PERSON,1953,1953,Во 1689 gодина gо разбунtува Карpош pроtив беgовиtе Кумановскиоt крај.,ПЕСНИ (1953),БУНАТА КАРПОШОВА
1733,крвавее,GPE,1953,1953,Во 1689 gодина gо разбунtува Карpош pроtив беgовиtе Кумановскиоt крај.,ПЕСНИ (1953),БУНАТА КАРПОШОВА
1736,војско,PERSON,1953,1953,Во 1689 gодина gо разбунtува Карpош pроtив беgовиtе Кумановскиоt крај.,ПЕСНИ (1953),БУНАТА КАРПОШОВА
1741,есен,DATE,1953,1953,Во 1689 gодина gо разбунtува Карpош pроtив беgовиtе Кумановскиоt крај.,ПЕСНИ (1953),БУНАТА КАРПОШОВА
1742,рика,GPE,1953,1953,Во 1689 gодина gо разбунtува Карpош pроtив беgовиtе Кумановскиоt крај.,ПЕСНИ (1953),БУНАТА КАРПОШОВА
1763,штрекнати,NORP,1953,1953,Во 1689 gодина gо разбунtува Карpош pроtив беgовиtе Кумановскиоt крај.,ПЕСНИ (1953),БУНАТА КАРПОШОВА
1764,метеори,CARDINAL,1953,1953,Во 1689 gодина gо разбунtува Карpош pроtив беgовиtе Кумановскиоt крај.,ПЕСНИ (1953),БУНАТА КАРПОШОВА
1766,рика,GPE,1953,1953,Во 1689 gодина gо разбунtува Карpош pроtив беgовиtе Кумановскиоt крај.,ПЕСНИ (1953),БУНАТА КАРПОШОВА
1767,рика,GPE,1953,1953,Во 1689 gодина gо разбунtува Карpош pроtив беgовиtе Кумановскиоt крај.,ПЕСНИ (1953),БУНАТА КАРПОШОВА
1767,мак,NORP,1953,1953,Во 1689 gодина gо разбунtува Карpош pроtив беgовиtе Кумановскиоt крај.,ПЕСНИ (1953),БУНАТА КАРПОШОВА
1774,полноќ,TIME,1953,1953,СПОМЕН,ПЕСНИ (1953),МОНОЛОЗИ И ДИЈАЛОЗИ
1785,каченце,PERSON,1953,1953,СПОМЕН,ПЕСНИ (1953),МОНОЛОЗИ И ДИЈАЛОЗИ
1797,три канта,DATE,1953,1953,СПОМЕН,ПЕСНИ (1953),МОНОЛОЗИ И ДИЈАЛОЗИ
1810,испееш,GPE,1953,1953,СПОМЕН,ПЕСНИ (1953),МОНОЛОЗИ И ДИЈАЛОЗИ
1820,пустел,PERSON,1953,1953,ДИЈАЛОГ НА ПОЛНОЌ,ПЕСНИ (1953),МОНОЛОЗИ И ДИЈАЛОЗИ
1821,водвор,ORG,1953,1953,ДИЈАЛОГ НА ПОЛНОЌ,ПЕСНИ (1953),МОНОЛОЗИ И ДИЈАЛОЗИ
1825,ноќе,TIME,1953,1953,ДИЈАЛОГ НА ПОЛНОЌ,ПЕСНИ (1953),МОНОЛОЗИ И ДИЈАЛОЗИ
1828,срцево,NORP,1953,1953,ДИЈАЛОГ НА ПОЛНОЌ,ПЕСНИ (1953),МОНОЛОЗИ И ДИЈАЛОЗИ
1863,заtворницаtа,WORK_OF_ART,1953,1953,ДИЈАЛОГ НА ПОЛНОЌ,ПЕСНИ (1953),МОНОЛОЗИ И ДИЈАЛОЗИ
1870,заtворницаtа,WORK_OF_ART,1953,1953,ДИЈАЛОГ НА ПОЛНОЌ,ПЕСНИ (1953),МОНОЛОЗИ И ДИЈАЛОЗИ
1872,детински,PERSON,1953,1953,ДИЈАЛОГ НА ПОЛНОЌ,ПЕСНИ (1953),МОНОЛОЗИ И ДИЈАЛОЗИ
1878,прва,ORDINAL,1953,1953,ДИЈАЛОГ НА ПОЛНОЌ,ПЕСНИ (1953),МОНОЛОЗИ И ДИЈАЛОЗИ
1882,заtворницаtа,WORK_OF_ART,1953,1953,ДИЈАЛОГ НА ПОЛНОЌ,ПЕСНИ (1953),МОНОЛОЗИ И ДИЈАЛОЗИ
1886,заtворницаtа,WORK_OF_ART,1953,1953,ДИЈАЛОГ НА ПОЛНОЌ,ПЕСНИ (1953),МОНОЛОЗИ И ДИЈАЛОЗИ
1895,четири година,DATE,1953,1953,ДИЈАЛОГ НА ПОЛНОЌ,ПЕСНИ (1953),МОНОЛОЗИ И ДИЈАЛОЗИ
1899,заtворницаtа,WORK_OF_ART,1953,1953,ДВЕ ДРУГАЧКИ,ПЕСНИ (1953),МОНОЛОЗИ И ДИЈАЛОЗИ
1903,заtворницаtа,WORK_OF_ART,1953,1953,ДВЕ ДРУГАЧКИ,ПЕСНИ (1953),МОНОЛОЗИ И ДИЈАЛОЗИ
1921,корзо,GPE,1953,1953,ДВЕ ДРУГАЧКИ,ПЕСНИ (1953),МОНОЛОЗИ И ДИЈАЛОЗИ
1923,корзо,GPE,1953,1953,ДВЕ ДРУГАЧКИ,ПЕСНИ (1953),МОНОЛОЗИ И ДИЈАЛОЗИ
1925,седум,CARDINAL,1953,1953,ДВЕ ДРУГАЧКИ,ПЕСНИ (1953),МОНОЛОЗИ И ДИЈАЛОЗИ
1926,заtворницаtа,WORK_OF_ART,1953,1953,ДВЕ ДРУГАЧКИ,ПЕСНИ (1953),МОНОЛОЗИ И ДИЈАЛОЗИ
1927,редум,CARDINAL,1953,1953,ДВЕ ДРУГАЧКИ,ПЕСНИ (1953),МОНОЛОЗИ И ДИЈАЛОЗИ
1936,заtворницаtа,WORK_OF_ART,1953,1953,ДВЕ ДРУГАЧКИ,ПЕСНИ (1953),МОНОЛОЗИ И ДИЈАЛОЗИ
1941,штутка,ORG,1953,1953,ДВЕ ДРУГАЧКИ,ПЕСНИ (1953),МОНОЛОЗИ И ДИЈАЛОЗИ
1943,шушолат,GPE,1953,1953,ДВЕ ДРУГАЧКИ,ПЕСНИ (1953),МОНОЛОЗИ И ДИЈАЛОЗИ
1945,лазар,PERSON,1953,1953,ДВЕ ДРУГАЧКИ,ПЕСНИ (1953),МОНОЛОЗИ И ДИЈАЛОЗИ
1948,заtворницаtа,WORK_OF_ART,1953,1953,ДВЕ ДРУГАЧКИ,ПЕСНИ (1953),МОНОЛОЗИ И ДИЈАЛОЗИ
1951,премирам,GPE,1953,1953,ДВЕ ДРУГАЧКИ,ПЕСНИ (1953),МОНОЛОЗИ И ДИЈАЛОЗИ
1953,љубувам,LOC,1953,1953,ДВЕ ДРУГАЧКИ,ПЕСНИ (1953),МОНОЛОЗИ И ДИЈАЛОЗИ
1956,заtворницаtа,WORK_OF_ART,1953,1953,ДВЕ ДРУГАЧКИ,ПЕСНИ (1953),МОНОЛОЗИ И ДИЈАЛОЗИ
1964,безумец безумец,PERSON,1953,1953,ДВЕ ДРУГАЧКИ,ПЕСНИ (1953),МОНОЛОЗИ И ДИЈАЛОЗИ
1968,gоtов,NORP,1953,1953,ДВЕ ДРУГАЧКИ,ПЕСНИ (1953),МОНОЛОЗИ И ДИЈАЛОЗИ
1972,лежиш,GPE,1953,1953,ДВЕ ДРУГАЧКИ,ПЕСНИ (1953),МОНОЛОЗИ И ДИЈАЛОЗИ
1974,уtре,PERSON,1953,1953,ДВЕ ДРУГАЧКИ,ПЕСНИ (1953),МОНОЛОЗИ И ДИЈАЛОЗИ
1979,pлод,GPE,1953,1953,ДВЕ ДРУГАЧКИ,ПЕСНИ (1953),МОНОЛОЗИ И ДИЈАЛОЗИ
1981,tој,ORG,1953,1953,ДВЕ ДРУГАЧКИ,ПЕСНИ (1953),МОНОЛОЗИ И ДИЈАЛОЗИ
1983,стар москва,LOC,1953,1953,ДВЕ ДРУГАЧКИ,ПЕСНИ (1953),МОНОЛОЗИ И ДИЈАЛОЗИ
1985,два,CARDINAL,1953,1953,ДВЕ ДРУГАЧКИ,ПЕСНИ (1953),МОНОЛОЗИ И ДИЈАЛОЗИ
2004,минел,GPE,1953,1953,– ПОЕМА –,ПЕСНИ (1953),МОНОЛОЗИ И ДИЈАЛОЗИ
2005,црн далги,NORP,1953,1953,– ПОЕМА –,ПЕСНИ (1953),МОНОЛОЗИ И ДИЈАЛОЗИ
2010,потулен,GPE,1953,1953,– ПОЕМА –,ПЕСНИ (1953),МОНОЛОЗИ И ДИЈАЛОЗИ
2022,водје,GPE,1953,1953,– ПОЕМА –,ПЕСНИ (1953),МОНОЛОЗИ И ДИЈАЛОЗИ
2033,темничен,PERSON,1953,1953,1,ПЕСНИ (1953),МОНОЛОЗИ И ДИЈАЛОЗИ
2058,ломен,PERSON,1953,1953,2,ПЕСНИ (1953),МОНОЛОЗИ И ДИЈАЛОЗИ
2073,мак,NORP,1953,1953,3,ПЕСНИ (1953),МОНОЛОЗИ И ДИЈАЛОЗИ
2077,вардар,LOC,1953,1953,4,ПЕСНИ (1953),МОНОЛОЗИ И ДИЈАЛОЗИ
2082,лепкав,GPE,1953,1953,4,ПЕСНИ (1953),МОНОЛОЗИ И ДИЈАЛОЗИ
2097,мак,NORP,1953,1953,5,ПЕСНИ (1953),МОНОЛОЗИ И ДИЈАЛОЗИ
2102,мак,NORP,1953,1953,5,ПЕСНИ (1953),МОНОЛОЗИ И ДИЈАЛОЗИ
2106,минел,GPE,1953,1953,5,ПЕСНИ (1953),МОНОЛОЗИ И ДИЈАЛОЗИ
2122,ноќе,TIME,1953,1953,5,ПЕСНИ (1953),МОНОЛОЗИ И ДИЈАЛОЗИ
2124,сен,FAC,1953,1953,5,ПЕСНИ (1953),МОНОЛОЗИ И ДИЈАЛОЗИ
2133,срцево,NORP,1953,1953,5,ПЕСНИ (1953),МОНОЛОЗИ И ДИЈАЛОЗИ
2144,прв,ORDINAL,1953,1953,5,ПЕСНИ (1953),МОНОЛОЗИ И ДИЈАЛОЗИ
2149,вечерта септември година,DATE,1953,1953,6,ПЕСНИ (1953),МОНОЛОЗИ И ДИЈАЛОЗИ
2149,коле неделковски,PERSON,1953,1953,6,ПЕСНИ (1953),МОНОЛОЗИ И ДИЈАЛОЗИ
2149,масат,ORG,1953,1953,6,ПЕСНИ (1953),МОНОЛОЗИ И ДИЈАЛОЗИ
2149,миладиновци рацин,PERSON,1953,1953,6,ПЕСНИ (1953),МОНОЛОЗИ И ДИЈАЛОЗИ
2150,коле pоgледоt,PERSON,1953,1953,6,ПЕСНИ (1953),МОНОЛОЗИ И ДИЈАЛОЗИ
2165,далга,PERSON,1953,1953,6,ПЕСНИ (1953),МОНОЛОЗИ И ДИЈАЛОЗИ
2174,рацин,PERSON,1953,1953,7,ПЕСНИ (1953),МОНОЛОЗИ И ДИЈАЛОЗИ
2201,ноќен,CARDINAL,1953,1953,– ПОЕМА –,ПЕСНИ (1953),МОНОЛОЗИ И ДИЈАЛОЗИ
2259,прв,ORDINAL,1953,1953,– ПОЕМА –,ПЕСНИ (1953),МОНОЛОЗИ И ДИЈАЛОЗИ
2290,рацин,PERSON,1953,1953,– ПОЕМА –,ПЕСНИ (1953),МОНОЛОЗИ И ДИЈАЛОЗИ
2307,блискотен,GPE,1953,1953,– ПОЕМА –,ПЕСНИ (1953),МОНОЛОЗИ И ДИЈАЛОЗИ
2323,два рид,QUANTITY,1953,1953,– ПОЕМА –,ПЕСНИ (1953),МОНОЛОЗИ И ДИЈАЛОЗИ
2326,урнуваат,PERSON,1953,1953,– ПОЕМА –,ПЕСНИ (1953),МОНОЛОЗИ И ДИЈАЛОЗИ
2344,два рид,QUANTITY,1953,1953,– ПОЕМА –,ПЕСНИ (1953),МОНОЛОЗИ И ДИЈАЛОЗИ
2347,денеска,TIME,1953,1953,– ПОЕМА –,ПЕСНИ (1953),МОНОЛОЗИ И ДИЈАЛОЗИ
2374,две,CARDINAL,1953,1953,– ПОЕМА –,ПЕСНИ (1953),МОНОЛОЗИ И ДИЈАЛОЗИ
2400,зандан,GPE,1953,1953,– ПОЕМА –,ПЕСНИ (1953),МОНОЛОЗИ И ДИЈАЛОЗИ
2414,разлеал,ORG,1953,1953,– ПОЕМА –,ПЕСНИ (1953),МОНОЛОЗИ И ДИЈАЛОЗИ
2437,септември,DATE,1953,1953,– ПОЕМА –,ПЕСНИ (1953),МОНОЛОЗИ И ДИЈАЛОЗИ
2437,шести,ORDINAL,1953,1953,– ПОЕМА –,ПЕСНИ (1953),МОНОЛОЗИ И ДИЈАЛОЗИ
2437,колета,PERSON,1953,1953,– ПОЕМА –,ПЕСНИ (1953),МОНОЛОЗИ И ДИЈАЛОЗИ
2447,стојанче,NORP,1953,1953,– ПОЕМА –,ПЕСНИ (1953),МОНОЛОЗИ И ДИЈАЛОЗИ
2456,срцево,NORP,1953,1953,– ПОЕМА –,ПЕСНИ (1953),МОНОЛОЗИ И ДИЈАЛОЗИ
2472,расип,GPE,1953,1953,– ПОЕМА –,ПЕСНИ (1953),МОНОЛОЗИ И ДИЈАЛОЗИ
2476,взори,FAC,1953,1953,– ПОЕМА –,ПЕСНИ (1953),МОНОЛОЗИ И ДИЈАЛОЗИ
2477,премрежи,GPE,1953,1953,– ПОЕМА –,ПЕСНИ (1953),МОНОЛОЗИ И ДИЈАЛОЗИ
2480,прв,ORDINAL,1953,1953,– ПОЕМА –,ПЕСНИ (1953),МОНОЛОЗИ И ДИЈАЛОЗИ
2481,прв,ORDINAL,1953,1953,– ПОЕМА –,ПЕСНИ (1953),МОНОЛОЗИ И ДИЈАЛОЗИ
2486,утро,CARDINAL,1953,1953,– ПОЕМА –,ПЕСНИ (1953),МОНОЛОЗИ И ДИЈАЛОЗИ
2498,просенце,PERSON,1953,1953,1,ПЕСНИ (1953),МОНОЛОЗИ И ДИЈАЛОЗИ
2499,бобенце,GPE,1953,1953,1,ПЕСНИ (1953),МОНОЛОЗИ И ДИЈАЛОЗИ
2502,јагодче,PERSON,1953,1953,1,ПЕСНИ (1953),МОНОЛОЗИ И ДИЈАЛОЗИ
2526,сен мине,ORG,1953,1953,1,ПЕСНИ (1953),МОНОЛОЗИ И ДИЈАЛОЗИ
2533,срцево,NORP,1953,1953,1,ПЕСНИ (1953),МОНОЛОЗИ И ДИЈАЛОЗИ
2537,лебна,GPE,1953,1953,1,ПЕСНИ (1953),МОНОЛОЗИ И ДИЈАЛОЗИ
2539,ломен,PERSON,1953,1953,1,ПЕСНИ (1953),МОНОЛОЗИ И ДИЈАЛОЗИ
2553,гушне,PERSON,1953,1953,2,ПЕСНИ (1953),МОНОЛОЗИ И ДИЈАЛОЗИ
2569,едниот,CARDINAL,1953,1953,2,ПЕСНИ (1953),МОНОЛОЗИ И ДИЈАЛОЗИ
2570,едниот,CARDINAL,1953,1953,2,ПЕСНИ (1953),МОНОЛОЗИ И ДИЈАЛОЗИ
2573,мак,NORP,1953,1953,2,ПЕСНИ (1953),МОНОЛОЗИ И ДИЈАЛОЗИ
2577,два,CARDINAL,1953,1953,2,ПЕСНИ (1953),МОНОЛОЗИ И ДИЈАЛОЗИ
2579,вкрвавен,NORP,1953,1953,2,ПЕСНИ (1953),МОНОЛОЗИ И ДИЈАЛОЗИ
2585,морен,NORP,1953,1953,2,ПЕСНИ (1953),МОНОЛОЗИ И ДИЈАЛОЗИ
2587,две,CARDINAL,1953,1953,2,ПЕСНИ (1953),МОНОЛОЗИ И ДИЈАЛОЗИ
2609,цена,PERSON,1953,1953,3,ПЕСНИ (1953),МОНОЛОЗИ И ДИЈАЛОЗИ
2622,штири,TIME,1955,1955,1,ВЕЗИЛКА (1955),ВЕЗИЛКА (1955)
2624,баздриѓани,GPE,1955,1955,1,ВЕЗИЛКА (1955),ВЕЗИЛКА (1955)
2626,полноќ,DATE,1955,1955,1,ВЕЗИЛКА (1955),ВЕЗИЛКА (1955)
2638,белокрил јат,PERSON,1955,1955,1,ВЕЗИЛКА (1955),ВЕЗИЛКА (1955)
2651,еднаш,TIME,1955,1955,2,ВЕЗИЛКА (1955),ВЕЗИЛКА (1955)
2655,полноќ,CARDINAL,1955,1955,2,ВЕЗИЛКА (1955),ВЕЗИЛКА (1955)
2656,кол,ORG,1955,1955,1. НОЖ,ВЕЗИЛКА (1955),ВЕЗИЛКА (1955)
2664,колари пеш,DATE,1955,1955,1. НОЖ,ВЕЗИЛКА (1955),ВЕЗИЛКА (1955)
2669,полјанка,GPE,1955,1955,1. НОЖ,ВЕЗИЛКА (1955),ВЕЗИЛКА (1955)
2672,румен,GPE,1955,1955,1. НОЖ,ВЕЗИЛКА (1955),ВЕЗИЛКА (1955)
2688,ледност,PERSON,1955,1955,2. ПАТНИК,ВЕЗИЛКА (1955),ВЕЗИЛКА (1955)
2690,полноќ црква,FAC,1955,1955,2. ПАТНИК,ВЕЗИЛКА (1955),ВЕЗИЛКА (1955)
2694,заточница,PERSON,1955,1955,СНЕГ,ВЕЗИЛКА (1955),ВЕЗИЛКА (1955)
2702,ближам,GPE,1955,1955,СНЕГ,ВЕЗИЛКА (1955),ВЕЗИЛКА (1955)
2702,виј,GPE,1955,1955,СНЕГ,ВЕЗИЛКА (1955),ВЕЗИЛКА (1955)
2708,домамив,LOC,1955,1955,СНЕГ,ВЕЗИЛКА (1955),ВЕЗИЛКА (1955)
2712,мак,NORP,1955,1955,ЅВЕЗДИ,ВЕЗИЛКА (1955),ВЕЗИЛКА (1955)
2717,две,CARDINAL,1955,1955,ЅВЕЗДИ,ВЕЗИЛКА (1955),ВЕЗИЛКА (1955)
2727,еднаш,TIME,1955,1955,РУЖА,ВЕЗИЛКА (1955),ВЕЗИЛКА (1955)
2736,сен,PERSON,1955,1955,ЗАСПИВАЊЕ,ВЕЗИЛКА (1955),ВЕЗИЛКА (1955)
2752,ноќта кален,PERSON,1955,1955,ВИЈ,ВЕЗИЛКА (1955),ВЕЗИЛКА (1955)
2780,двата,CARDINAL,1955,1955,НЕЖНОСТ,ВЕЗИЛКА (1955),ВЕЗИЛКА (1955)
2782,прва,ORDINAL,1955,1955,НЕЖНОСТ,ВЕЗИЛКА (1955),ВЕЗИЛКА (1955)
2790,двата,CARDINAL,1955,1955,НЕЖНОСТ,ВЕЗИЛКА (1955),ВЕЗИЛКА (1955)
2795,вишина,PERCENT,1955,1955,РАЗДЕЛБА,ВЕЗИЛКА (1955),ВЕЗИЛКА (1955)
2795,вишина,NORP,1955,1955,РАЗДЕЛБА,ВЕЗИЛКА (1955),ВЕЗИЛКА (1955)
2814,мак,NORP,1955,1955,ИГРАНКА,ВЕЗИЛКА (1955),ВЕЗИЛКА (1955)
2824,далечина гинам врволица,TIME,1955,1955,КОШМАР,ВЕЗИЛКА (1955),ВЕЗИЛКА (1955)
2833,триесет година,DATE,1955,1955,КОШМАР,ВЕЗИЛКА (1955),ВЕЗИЛКА (1955)
2838,вода,PRODUCT,1955,1955,КОШМАР,ВЕЗИЛКА (1955),ВЕЗИЛКА (1955)
2848,усмев,GPE,1955,1955,ПЕСНА,ВЕЗИЛКА (1955),ВЕЗИЛКА (1955)
2848,искресто,GPE,1955,1955,ПЕСНА,ВЕЗИЛКА (1955),ВЕЗИЛКА (1955)
2849,потајница,PERSON,1955,1955,ПЕСНА,ВЕЗИЛКА (1955),ВЕЗИЛКА (1955)
2851,срцево,NORP,1955,1955,ПЕСНА,ВЕЗИЛКА (1955),ВЕЗИЛКА (1955)
2860,еднаш,TIME,1955,1955,ТИШИНА,ВЕЗИЛКА (1955),ВЕЗИЛКА (1955)
2860,едно,CARDINAL,1955,1955,ТИШИНА,ВЕЗИЛКА (1955),ВЕЗИЛКА (1955)
2879,резе,LOC,1955,1955,ВРВ,ВЕЗИЛКА (1955),ВЕЗИЛКА (1955)
2894,утро,TIME,1955,1955,КАФЕЗ,ВЕЗИЛКА (1955),ВЕЗИЛКА (1955)
2943,дочувам дален приспивен,PERSON,1955,1955,ПОЧИНКА,ВЕЗИЛКА (1955),ВЕЗИЛКА (1955)
2950,пролет,DATE,1955,1955,ПОЧИНКА,ВЕЗИЛКА (1955),ВЕЗИЛКА (1955)
2952,замижам,GPE,1955,1955,ПОЧИНКА,ВЕЗИЛКА (1955),ВЕЗИЛКА (1955)
2966,штип,GPE,1955,1955,УТРО,ВЕЗИЛКА (1955),ВЕЗИЛКА (1955)
2967,два рид,QUANTITY,1955,1955,ДАБ,ВЕЗИЛКА (1955),ВЕЗИЛКА (1955)
3003,шестам,ORG,1955,1955,ПЧЕЛАР,ВЕЗИЛКА (1955),ВЕЗИЛКА (1955)
3009,девет година,DATE,1955,1955,ПЧЕЛАР,ВЕЗИЛКА (1955),ВЕЗИЛКА (1955)
3010,девет,CARDINAL,1955,1955,ПЧЕЛАР,ВЕЗИЛКА (1955),ВЕЗИЛКА (1955)
3021,мак,NORP,1955,1955,ЈАГЛЕН,ВЕЗИЛКА (1955),ВЕЗИЛКА (1955)
3033,едно,CARDINAL,1955,1955,ШТИП,ВЕЗИЛКА (1955),ВЕЗИЛКА (1955)
3035,маштеа,NORP,1955,1955,ШТИП,ВЕЗИЛКА (1955),ВЕЗИЛКА (1955)
3037,рулче,PERSON,1955,1955,ШТИП,ВЕЗИЛКА (1955),ВЕЗИЛКА (1955)
3037,сен,PERSON,1955,1955,ШТИП,ВЕЗИЛКА (1955),ВЕЗИЛКА (1955)
3039,сен,PERSON,1955,1955,ДЕТЕ ЗАСПАНО КРАЈ ЕЗЕРО,ВЕЗИЛКА (1955),ВЕЗИЛКА (1955)
3050,раззеленее,PERSON,1955,1955,ДЕТЕ ЗАСПАНО КРАЈ ЕЗЕРО,ВЕЗИЛКА (1955),ВЕЗИЛКА (1955)
3059,ујдадада,PERSON,1955,1955,БОЛЕН ДОЈЧИН,ВЕЗИЛКА (1955),ВЕЗИЛКА (1955)
3091,ноќе,TIME,1955,1955,БОЛЕН ДОЈЧИН,ВЕЗИЛКА (1955),ВЕЗИЛКА (1955)
3098,издишка,NORP,1955,1955,ПЕПЕЛАШКА,ВЕЗИЛКА (1955),ВЕЗИЛКА (1955)
3113,морен,NORP,1955,1955,ЉУБОВ,ВЕЗИЛКА (1955),ВЕЗИЛКА (1955)
3153,мак,NORP,1955,1955,УБАВИТЕ ЖЕНИ,ВЕЗИЛКА (1955),ВЕЗИЛКА (1955)
3164,небо,CARDINAL,1955,1955,УБАВИТЕ ЖЕНИ,ВЕЗИЛКА (1955),ВЕЗИЛКА (1955)
3171,гоце,PERSON,1955,1955,РЕКИ,ВЕЗИЛКА (1955),ВЕЗИЛКА (1955)
3179,врена,PERSON,1955,1955,ТОРЕАДОР,ВЕЗИЛКА (1955),ВЕЗИЛКА (1955)
3185,дален,PERSON,1955,1955,УРНАТИНА,ВЕЗИЛКА (1955),ВЕЗИЛКА (1955)
3200,потслон,GPE,1955,1955,ПОЛНОЌ,ВЕЗИЛКА (1955),ВЕЗИЛКА (1955)
3210,водно,GPE,1955,1955,ПОСЛОВИЦА,ВЕЗИЛКА (1955),ВЕЗИЛКА (1955)
3211,водно,LOC,1955,1955,ПОСЛОВИЦА,ВЕЗИЛКА (1955),ВЕЗИЛКА (1955)
3213,тројца,CARDINAL,1955,1955,ПОСЛОВИЦА,ВЕЗИЛКА (1955),ВЕЗИЛКА (1955)
3233,мак,NORP,1955,1955,ДЕВСТВЕНИЦИ,ВЕЗИЛКА (1955),ВЕЗИЛКА (1955)
3243,водно,LOC,1955,1955,ДЕВСТВЕНИЦИ,ВЕЗИЛКА (1955),ВЕЗИЛКА (1955)
3244,пладне,TIME,1955,1955,ДЕВСТВЕНИЦИ,ВЕЗИЛКА (1955),ВЕЗИЛКА (1955)
3248,ветрот задува,ORG,1955,1955,КОЛУМБО,ВЕЗИЛКА (1955),ВЕЗИЛКА (1955)
3258,ластарите,PERSON,1955,1955,КОЛУМБО,ВЕЗИЛКА (1955),ВЕЗИЛКА (1955)
3269,наутро,TIME,1955,1955,ПОРТРЕТ,ВЕЗИЛКА (1955),ВЕЗИЛКА (1955)
3274,шалав,PERSON,1955,1955,ПОРТРЕТ,ВЕЗИЛКА (1955),ВЕЗИЛКА (1955)
3276,угасиле,ORG,1955,1955,ВОДНО,ВЕЗИЛКА (1955),ВЕЗИЛКА (1955)
3294,детинска,GPE,1955,1955,ВОДНО,ВЕЗИЛКА (1955),ВЕЗИЛКА (1955)
3296,седум година,DATE,1955,1955,ВОДНО,ВЕЗИЛКА (1955),ВЕЗИЛКА (1955)
3302,одвременавреме,LOC,1955,1955,ВОДНО,ВЕЗИЛКА (1955),ВЕЗИЛКА (1955)
3312,ноже,GPE,1955,1955,ПЕСНА НА ЛОЗИТЕ ВО ЛОЗЈАТА НА ВОДНО,ВЕЗИЛКА (1955),ВЕЗИЛКА (1955)
3318,планино,GPE,1955,1955,ПЕСНА НА ЛОЗИТЕ ВО ЛОЗЈАТА НА ВОДНО,ВЕЗИЛКА (1955),ВЕЗИЛКА (1955)
3318,рудино,GPE,1955,1955,ПЕСНА НА ЛОЗИТЕ ВО ЛОЗЈАТА НА ВОДНО,ВЕЗИЛКА (1955),ВЕЗИЛКА (1955)
3319,планино,GPE,1955,1955,ПЕСНА НА ЛОЗИТЕ ВО ЛОЗЈАТА НА ВОДНО,ВЕЗИЛКА (1955),ВЕЗИЛКА (1955)
3330,час,QUANTITY,1955,1955,ПЕСНА НА ЛОЗИТЕ ВО ЛОЗЈАТА НА ВОДНО,ВЕЗИЛКА (1955),ВЕЗИЛКА (1955)
3345,двете,CARDINAL,1974,1974,СААТ,ЗАПИСИ (1974),ЗАПИСИ (1974)
3349,есен,DATE,1974,1974,СААТ,ЗАПИСИ (1974),ЗАПИСИ (1974)
3357,вене,GPE,1974,1974,СОНОТ,ЗАПИСИ (1974),ЗАПИСИ (1974)
3369,лозо,GPE,1974,1974,РАЗГОВОР СО ДЕТЕНЦЕ,ЗАПИСИ (1974),ЗАПИСИ (1974)
3369,лозо,GPE,1974,1974,РАЗГОВОР СО ДЕТЕНЦЕ,ЗАПИСИ (1974),ЗАПИСИ (1974)
3377,мак,NORP,1974,1974,ПЛАНИНА,ЗАПИСИ (1974),ЗАПИСИ (1974)
3394,ноќе,TIME,1974,1974,ПРЕД ГОДИШНИНАТА НА ТАТКОВАТА СМРТ,ЗАПИСИ (1974),ЗАПИСИ (1974)
3412,дооден,PERSON,1974,1974,СТРУМИЧЕ,ЗАПИСИ (1974),ЗАПИСИ (1974)
3437,зовре тревишта,LOC,1974,1974,РАСПЕТИЕ,ЗАПИСИ (1974),ЗАПИСИ (1974)
3440,копитца,PERSON,1974,1974,ПОРАКА,ЗАПИСИ (1974),ЗАПИСИ (1974)
3444,боишта божем слава,NORP,1974,1974,ПОРАКА,ЗАПИСИ (1974),ЗАПИСИ (1974)
3448,клапа,PERSON,1974,1974,РИЗНИЦА,ЗАПИСИ (1974),ЗАПИСИ (1974)
3468,напладне сен,PERSON,1974,1974,ЕЛЕН САМАК,ЗАПИСИ (1974),ЗАПИСИ (1974)
3483,три,CARDINAL,1974,1974,ПРЕВАЛЕЦ,ЗАПИСИ (1974),ЗАПИСИ (1974)
3490,двете,CARDINAL,1974,1974,СУША,ЗАПИСИ (1974),ЗАПИСИ (1974)
3491,двете,CARDINAL,1974,1974,СУША,ЗАПИСИ (1974),ЗАПИСИ (1974)
3492,мак,NORP,1974,1974,СУША,ЗАПИСИ (1974),ЗАПИСИ (1974)
3497,небо,CARDINAL,1974,1974,СУША,ЗАПИСИ (1974),ЗАПИСИ (1974)
3506,куманово,GPE,1974,1974,ДОН КИХОТ,ЗАПИСИ (1974),ЗАПИСИ (1974)
3507,куманово,GPE,1974,1974,ДОН КИХОТ,ЗАПИСИ (1974),ЗАПИСИ (1974)
3509,март,DATE,1974,1974,ДОН КИХОТ,ЗАПИСИ (1974),ЗАПИСИ (1974)
3513,есен,DATE,1974,1974,ДОН КИХОТ,ЗАПИСИ (1974),ЗАПИСИ (1974)
3514,кол кол сезона,FAC,1974,1974,ОДИСЕЈ,ЗАПИСИ (1974),ЗАПИСИ (1974)
3515,лишка,PERSON,1974,1974,ОДИСЕЈ,ЗАПИСИ (1974),ЗАПИСИ (1974)
3521,куманово,GPE,1974,1974,ОДИСЕЈ,ЗАПИСИ (1974),ЗАПИСИ (1974)
3528,рулче,NORP,1974,1974,ОДИСЕЈ,ЗАПИСИ (1974),ЗАПИСИ (1974)
3529,седум месец,DATE,1974,1974,1,ЗАПИСИ (1974),ЗАПИСИ (1974)
3530,десет,CARDINAL,1974,1974,1,ЗАПИСИ (1974),ЗАПИСИ (1974)
3532,лапај,GPE,1974,1974,1,ЗАПИСИ (1974),ЗАПИСИ (1974)
3532,лапај,GPE,1974,1974,1,ЗАПИСИ (1974),ЗАПИСИ (1974)
3537,прохлада,PERSON,1974,1974,2,ЗАПИСИ (1974),ЗАПИСИ (1974)
3566,гушкал,PERSON,1974,1974,ТРИ КРУПНИ ЖЕНИ,ЗАПИСИ (1974),ЗАПИСИ (1974)
3570,лето,DATE,1974,1974,ТРИ КРУПНИ ЖЕНИ,ЗАПИСИ (1974),ЗАПИСИ (1974)
3572,лето,DATE,1974,1974,ТРИ КРУПНИ ЖЕНИ,ЗАПИСИ (1974),ЗАПИСИ (1974)
3614,нареден,ORDINAL,1974,1974,СПОМЕН,ЗАПИСИ (1974),ЗАПИСИ (1974)
3616,ден година,DATE,1974,1974,СПОМЕН,ЗАПИСИ (1974),ЗАПИСИ (1974)
3624,кипарис,PERSON,1974,1974,СПОМЕН,ЗАПИСИ (1974),ЗАПИСИ (1974)
3648,кобник,GPE,1974,1974,ШТУРЦИ,ЗАПИСИ (1974),ЗАПИСИ (1974)
3651,онега,GPE,1974,1974,ШТУРЦИ,ЗАПИСИ (1974),ЗАПИСИ (1974)
3662,прво заврзал род,LAW,1974,1974,ПЕПЕРУГА,ЗАПИСИ (1974),ЗАПИСИ (1974)
3725,утро,TIME,1974,1974,ЗБОРОТ,ЗАПИСИ (1974),ЗАПИСИ (1974)
3745,одморо,PERSON,1979,1979,НА ЕДНА ПЕВИЦА,СТАРИ И НОВИ ПЕСНИ (1979) НОВИ ЦИКЛУСИ,МЕЃУ ДРВЈАТА
3762,устиња,GPE,1979,1979,ОЗДРАВУВАЊЕ,СТАРИ И НОВИ ПЕСНИ (1979) НОВИ ЦИКЛУСИ,МЕЃУ ДРВЈАТА
3770,ѓоре,PERSON,1979,1979,ИДНИНА,СТАРИ И НОВИ ПЕСНИ (1979) НОВИ ЦИКЛУСИ,МЕЃУ ДРВЈАТА
3774,додржам,PERSON,1979,1979,ИДНИНА,СТАРИ И НОВИ ПЕСНИ (1979) НОВИ ЦИКЛУСИ,МЕЃУ ДРВЈАТА
3777,пролет,DATE,1979,1979,ИЗВОРОТ НА ТВОЈОТ ГЛАС,СТАРИ И НОВИ ПЕСНИ (1979) НОВИ ЦИКЛУСИ,МЕЃУ ДРВЈАТА
3863,рбај,GPE,1979,1979,МЕЃУ ДРВЈАТА,СТАРИ И НОВИ ПЕСНИ (1979) НОВИ ЦИКЛУСИ,МЕЃУ ДРВЈАТА
3863,шлибај,PERSON,1979,1979,МЕЃУ ДРВЈАТА,СТАРИ И НОВИ ПЕСНИ (1979) НОВИ ЦИКЛУСИ,МЕЃУ ДРВЈАТА
3898,божик,GPE,1979,1979,МЛАДИОТ КЕДАР,СТАРИ И НОВИ ПЕСНИ (1979) НОВИ ЦИКЛУСИ,МЕЃУ ДРВЈАТА
3904,пцост,GPE,1979,1979,МЛАДИОТ КЕДАР,СТАРИ И НОВИ ПЕСНИ (1979) НОВИ ЦИКЛУСИ,МЕЃУ ДРВЈАТА
3928,стиск,NORP,1979,1979,1,СТАРИ И НОВИ ПЕСНИ (1979) НОВИ ЦИКЛУСИ,ИГРАЛИТИ ПЕСНИ
3964,џивџану,PERSON,1979,1979,ВРАПЦИ,СТАРИ И НОВИ ПЕСНИ (1979) НОВИ ЦИКЛУСИ,ИГРАЛИТИ ПЕСНИ
3969,џив,NORP,1979,1979,ВРАПЦИ,СТАРИ И НОВИ ПЕСНИ (1979) НОВИ ЦИКЛУСИ,ИГРАЛИТИ ПЕСНИ
3976,мак,NORP,1979,1979,ВРАПЦИ,СТАРИ И НОВИ ПЕСНИ (1979) НОВИ ЦИКЛУСИ,ИГРАЛИТИ ПЕСНИ
3977,џив,NORP,1979,1979,ВРАПЦИ,СТАРИ И НОВИ ПЕСНИ (1979) НОВИ ЦИКЛУСИ,ИГРАЛИТИ ПЕСНИ
3991,всоне,GPE,1979,1979,НЕИЗВЕСНОСТ,СТАРИ И НОВИ ПЕСНИ (1979) НОВИ ЦИКЛУСИ,ИГРАЛИТИ ПЕСНИ
3997,пет,CARDINAL,1979,1979,НЕИЗВЕСНОСТ,СТАРИ И НОВИ ПЕСНИ (1979) НОВИ ЦИКЛУСИ,ИГРАЛИТИ ПЕСНИ
3999,пет,CARDINAL,1979,1979,НЕИЗВЕСНОСТ,СТАРИ И НОВИ ПЕСНИ (1979) НОВИ ЦИКЛУСИ,ИГРАЛИТИ ПЕСНИ
4008,пет,CARDINAL,1979,1979,ГУШКАЊЕ,СТАРИ И НОВИ ПЕСНИ (1979) НОВИ ЦИКЛУСИ,ИГРАЛИТИ ПЕСНИ
4017,триесет година,DATE,1979,1979,ПЕСНА НАД ПЕСНИТЕ,СТАРИ И НОВИ ПЕСНИ (1979) НОВИ ЦИКЛУСИ,ИГРАЛИТИ ПЕСНИ
4044,куметлаци,GPE,1979,1979,ARS POETICA,СТАРИ И НОВИ ПЕСНИ (1979) НОВИ ЦИКЛУСИ,ИГРАЛИТИ ПЕСНИ
4056,ноќе,TIME,1979,1979,ARS POETICA,СТАРИ И НОВИ ПЕСНИ (1979) НОВИ ЦИКЛУСИ,ИГРАЛИТИ ПЕСНИ
4062,втас таткови,PERSON,1979,1979,МОЛИТВА ЗА СОН,СТАРИ И НОВИ ПЕСНИ (1979) НОВИ ЦИКЛУСИ,ИГРАЛИТИ ПЕСНИ
4064,кувет,CARDINAL,1979,1979,МОЛИТВА ЗА СОН,СТАРИ И НОВИ ПЕСНИ (1979) НОВИ ЦИКЛУСИ,ИГРАЛИТИ ПЕСНИ
4077,староси,GPE,1979,1979,ЖИТИЕ НА БОНА,СТАРИ И НОВИ ПЕСНИ (1979) НОВИ ЦИКЛУСИ,ПРОЛОЖНИ ЖИТИЈА
4095,утро,TIME,1979,1979,ЖИТИЕ НА ТАСА БОЈАНОСКА,СТАРИ И НОВИ ПЕСНИ (1979) НОВИ ЦИКЛУСИ,ПРОЛОЖНИ ЖИТИЈА
4099,февруарски ден,EVENT,1979,1979,ЖИТИЕ НА ТАСА БОЈАНОСКА,СТАРИ И НОВИ ПЕСНИ (1979) НОВИ ЦИКЛУСИ,ПРОЛОЖНИ ЖИТИЈА
4117,млачен,NORP,1979,1979,БЕЛАТА ТЕТКА,СТАРИ И НОВИ ПЕСНИ (1979) НОВИ ЦИКЛУСИ,ПРОЛОЖНИ ЖИТИЈА
4136,млачен,ORG,1979,1979,БЕЛАТА ТЕТКА,СТАРИ И НОВИ ПЕСНИ (1979) НОВИ ЦИКЛУСИ,ПРОЛОЖНИ ЖИТИЈА
4137,сен,PERSON,1979,1979,БЕЛАТА ТЕТКА,СТАРИ И НОВИ ПЕСНИ (1979) НОВИ ЦИКЛУСИ,ПРОЛОЖНИ ЖИТИЈА
4150,јовану бигорски,DATE,1979,1979,БЕЛАТА ТЕТКА,СТАРИ И НОВИ ПЕСНИ (1979) НОВИ ЦИКЛУСИ,ПРОЛОЖНИ ЖИТИЈА
4169,јочмен,ORG,1979,1979,УСПЕНИЕ НА ТЕТКА МЕНКА,СТАРИ И НОВИ ПЕСНИ (1979) НОВИ ЦИКЛУСИ,ПРОЛОЖНИ ЖИТИЈА
4175,подбиваа,PERSON,1979,1979,УСПЕНИЕ НА ТЕТКА МЕНКА,СТАРИ И НОВИ ПЕСНИ (1979) НОВИ ЦИКЛУСИ,ПРОЛОЖНИ ЖИТИЈА
4179,натема,GPE,1979,1979,УСПЕНИЕ НА ТЕТКА МЕНКА,СТАРИ И НОВИ ПЕСНИ (1979) НОВИ ЦИКЛУСИ,ПРОЛОЖНИ ЖИТИЈА
4192,дича,PERSON,1979,1979,УСПЕНИЕ НА ТЕТКА МЕНКА,СТАРИ И НОВИ ПЕСНИ (1979) НОВИ ЦИКЛУСИ,ПРОЛОЖНИ ЖИТИЈА
4195,всоне,GPE,1979,1979,ОРДЕ,СТАРИ И НОВИ ПЕСНИ (1979) НОВИ ЦИКЛУСИ,ПРОЛОЖНИ ЖИТИЈА
4196,брсјачишта,NORP,1979,1979,ОРДЕ,СТАРИ И НОВИ ПЕСНИ (1979) НОВИ ЦИКЛУСИ,ПРОЛОЖНИ ЖИТИЈА
4197,блеат,GPE,1979,1979,ОРДЕ,СТАРИ И НОВИ ПЕСНИ (1979) НОВИ ЦИКЛУСИ,ПРОЛОЖНИ ЖИТИЈА
4215,сејмен,FAC,1979,1979,ОРДЕ,СТАРИ И НОВИ ПЕСНИ (1979) НОВИ ЦИКЛУСИ,ПРОЛОЖНИ ЖИТИЈА
4218,ден,TIME,1979,1979,ОРДЕ,СТАРИ И НОВИ ПЕСНИ (1979) НОВИ ЦИКЛУСИ,ПРОЛОЖНИ ЖИТИЈА
4219,полноќ,TIME,1979,1979,ОРДЕ,СТАРИ И НОВИ ПЕСНИ (1979) НОВИ ЦИКЛУСИ,ПРОЛОЖНИ ЖИТИЈА
4230,деведесет,CARDINAL,1979,1979,СВЕТИ СПИРИДОН НОВИ,СТАРИ И НОВИ ПЕСНИ (1979) НОВИ ЦИКЛУСИ,ПРОЛОЖНИ ЖИТИЈА
4243,прв,ORDINAL,1979,1979,СВЕТИ СПИРИДОН НОВИ,СТАРИ И НОВИ ПЕСНИ (1979) НОВИ ЦИКЛУСИ,ПРОЛОЖНИ ЖИТИЈА
4254,седум година,DATE,1979,1979,СВЕТИ СПИРИДОН НОВИ,СТАРИ И НОВИ ПЕСНИ (1979) НОВИ ЦИКЛУСИ,ПРОЛОЖНИ ЖИТИЈА
4256,шајкарка,GPE,1979,1979,СВЕТИ СПИРИДОН НОВИ,СТАРИ И НОВИ ПЕСНИ (1979) НОВИ ЦИКЛУСИ,ПРОЛОЖНИ ЖИТИЈА
4269,чеклас,GPE,1979,1979,СВЕТИ СПИРИДОН НОВИ,СТАРИ И НОВИ ПЕСНИ (1979) НОВИ ЦИКЛУСИ,ПРОЛОЖНИ ЖИТИЈА
4281,аргатски зора,NORP,1979,1979,СВЕТИ СПИРИДОН НОВИ,СТАРИ И НОВИ ПЕСНИ (1979) НОВИ ЦИКЛУСИ,ПРОЛОЖНИ ЖИТИЈА
4283,кочо рацин,PERSON,1979,1979,СВЕТИ СПИРИДОН НОВИ,СТАРИ И НОВИ ПЕСНИ (1979) НОВИ ЦИКЛУСИ,ПРОЛОЖНИ ЖИТИЈА
4291,приплескав сполај,GPE,1979,1979,СВЕТИ СПИРИДОН НОВИ,СТАРИ И НОВИ ПЕСНИ (1979) НОВИ ЦИКЛУСИ,ПРОЛОЖНИ ЖИТИЈА
4293,џунџуле,GPE,1979,1979,СВЕТИ СПИРИДОН НОВИ,СТАРИ И НОВИ ПЕСНИ (1979) НОВИ ЦИКЛУСИ,ПРОЛОЖНИ ЖИТИЈА
4304,витосна,GPE,1979,1979,СВЕТИ СПИРИДОН НОВИ,СТАРИ И НОВИ ПЕСНИ (1979) НОВИ ЦИКЛУСИ,ПРОЛОЖНИ ЖИТИЈА
4306,летнина,GPE,1979,1979,СВЕТИ СПИРИДОН НОВИ,СТАРИ И НОВИ ПЕСНИ (1979) НОВИ ЦИКЛУСИ,ПРОЛОЖНИ ЖИТИЈА
4317,трифун,PERSON,1979,1979,СВЕТИ СПИРИДОН НОВИ,СТАРИ И НОВИ ПЕСНИ (1979) НОВИ ЦИКЛУСИ,ПРОЛОЖНИ ЖИТИЈА
4335,вечит,PERSON,1979,1979,ТЕТИН РИСТЕ,СТАРИ И НОВИ ПЕСНИ (1979) НОВИ ЦИКЛУСИ,ПРОЛОЖНИ ЖИТИЈА
4339,раменица,GPE,1979,1979,ТЕТИН РИСТЕ,СТАРИ И НОВИ ПЕСНИ (1979) НОВИ ЦИКЛУСИ,ПРОЛОЖНИ ЖИТИЈА
4340,битола,GPE,1979,1979,ТЕТИН РИСТЕ,СТАРИ И НОВИ ПЕСНИ (1979) НОВИ ЦИКЛУСИ,ПРОЛОЖНИ ЖИТИЈА
4345,пелагонија,PERCENT,1979,1979,ТЕТИН РИСТЕ,СТАРИ И НОВИ ПЕСНИ (1979) НОВИ ЦИКЛУСИ,ПРОЛОЖНИ ЖИТИЈА
4346,прилеп,GPE,1979,1979,ТЕТИН РИСТЕ,СТАРИ И НОВИ ПЕСНИ (1979) НОВИ ЦИКЛУСИ,ПРОЛОЖНИ ЖИТИЈА
4346,битола,GPE,1979,1979,ТЕТИН РИСТЕ,СТАРИ И НОВИ ПЕСНИ (1979) НОВИ ЦИКЛУСИ,ПРОЛОЖНИ ЖИТИЈА
4354,февруари,DATE,1979,1979,ТЕТИН РИСТЕ,СТАРИ И НОВИ ПЕСНИ (1979) НОВИ ЦИКЛУСИ,ПРОЛОЖНИ ЖИТИЈА
4355,дожд март,DATE,1979,1979,ТЕТИН РИСТЕ,СТАРИ И НОВИ ПЕСНИ (1979) НОВИ ЦИКЛУСИ,ПРОЛОЖНИ ЖИТИЈА
4357,левóј,GPE,1979,1979,ТЕТИН РИСТЕ,СТАРИ И НОВИ ПЕСНИ (1979) НОВИ ЦИКЛУСИ,ПРОЛОЖНИ ЖИТИЈА
4379,двајца,CARDINAL,1979,1979,ТЕТИН РИСТЕ,СТАРИ И НОВИ ПЕСНИ (1979) НОВИ ЦИКЛУСИ,ПРОЛОЖНИ ЖИТИЈА
4395,дулѓер,DATE,1979,1979,ТЕТИН РИСТЕ,СТАРИ И НОВИ ПЕСНИ (1979) НОВИ ЦИКЛУСИ,ПРОЛОЖНИ ЖИТИЈА
4399,распавтан,GPE,1979,1979,ТЕТИН РИСТЕ,СТАРИ И НОВИ ПЕСНИ (1979) НОВИ ЦИКЛУСИ,ПРОЛОЖНИ ЖИТИЈА
4407,божик,GPE,1979,1979,ТЕТИН РИСТЕ,СТАРИ И НОВИ ПЕСНИ (1979) НОВИ ЦИКЛУСИ,ПРОЛОЖНИ ЖИТИЈА
4417,грунци,GPE,1979,1979,ТЕТИН РИСТЕ,СТАРИ И НОВИ ПЕСНИ (1979) НОВИ ЦИКЛУСИ,ПРОЛОЖНИ ЖИТИЈА
4419,јунци,PERSON,1979,1979,ТЕТИН РИСТЕ,СТАРИ И НОВИ ПЕСНИ (1979) НОВИ ЦИКЛУСИ,ПРОЛОЖНИ ЖИТИЈА
4422,стине,NORP,1979,1979,ТЕТИН РИСТЕ,СТАРИ И НОВИ ПЕСНИ (1979) НОВИ ЦИКЛУСИ,ПРОЛОЖНИ ЖИТИЈА
4433,коне,PERSON,1979,1979,ТЕТИН РИСТЕ,СТАРИ И НОВИ ПЕСНИ (1979) НОВИ ЦИКЛУСИ,ПРОЛОЖНИ ЖИТИЈА
4435,ѓурултијата,NORP,1979,1979,ТЕТИН РИСТЕ,СТАРИ И НОВИ ПЕСНИ (1979) НОВИ ЦИКЛУСИ,ПРОЛОЖНИ ЖИТИЈА
4440,мај,DATE,1979,1979,ТЕТИН РИСТЕ,СТАРИ И НОВИ ПЕСНИ (1979) НОВИ ЦИКЛУСИ,ПРОЛОЖНИ ЖИТИЈА
4454,помолчев помолчев,PERSON,1979,1979,ТЕТИН РИСТЕ,СТАРИ И НОВИ ПЕСНИ (1979) НОВИ ЦИКЛУСИ,ПРОЛОЖНИ ЖИТИЈА
4460,шtо,ORG,1979,1979,ТЕТИН РИСТЕ,СТАРИ И НОВИ ПЕСНИ (1979) НОВИ ЦИКЛУСИ,ПРОЛОЖНИ ЖИТИЈА
4464,крушово,GPE,1979,1979,ДЕДО ИЛИЈА,СТАРИ И НОВИ ПЕСНИ (1979) НОВИ ЦИКЛУСИ,ПРОЛОЖНИ ЖИТИЈА
4492,сtар,ORG,1979,1979,ДЕДО ИЛИЈА,СТАРИ И НОВИ ПЕСНИ (1979) НОВИ ЦИКЛУСИ,ПРОЛОЖНИ ЖИТИЈА
4493,марко pодзеде,PERSON,1979,1979,ДЕДО ИЛИЈА,СТАРИ И НОВИ ПЕСНИ (1979) НОВИ ЦИКЛУСИ,ПРОЛОЖНИ ЖИТИЈА
4496,леgенда,GPE,1979,1979,ДЕДО ИЛИЈА,СТАРИ И НОВИ ПЕСНИ (1979) НОВИ ЦИКЛУСИ,ПРОЛОЖНИ ЖИТИЈА
4501,шалавам,DATE,1979,1979,ДЕДО ИЛИЈА,СТАРИ И НОВИ ПЕСНИ (1979) НОВИ ЦИКЛУСИ,ПРОЛОЖНИ ЖИТИЈА
4521,брашносани,NORP,1979,1979,ДЕДО КОНЕ,СТАРИ И НОВИ ПЕСНИ (1979) НОВИ ЦИКЛУСИ,ПРОЛОЖНИ ЖИТИЈА
4523,мак,NORP,1979,1979,ДЕДО КОНЕ,СТАРИ И НОВИ ПЕСНИ (1979) НОВИ ЦИКЛУСИ,ПРОЛОЖНИ ЖИТИЈА
4536,небо,CARDINAL,1979,1979,ДЕДО КОНЕ,СТАРИ И НОВИ ПЕСНИ (1979) НОВИ ЦИКЛУСИ,ПРОЛОЖНИ ЖИТИЈА
4547,прв,ORDINAL,1979,1979,ПОТЕРА,СТАРИ И НОВИ ПЕСНИ (1979) НОВИ ЦИКЛУСИ,ПРОЛОЖНИ ЖИТИЈА
4547,царштина,GPE,1979,1979,ПОТЕРА,СТАРИ И НОВИ ПЕСНИ (1979) НОВИ ЦИКЛУСИ,ПРОЛОЖНИ ЖИТИЈА
4565,думани,GPE,1979,1979,ПОТЕРА,СТАРИ И НОВИ ПЕСНИ (1979) НОВИ ЦИКЛУСИ,ПРОЛОЖНИ ЖИТИЈА
4567,сtари,ORG,1979,1979,ПОТЕРА,СТАРИ И НОВИ ПЕСНИ (1979) НОВИ ЦИКЛУСИ,ПРОЛОЖНИ ЖИТИЈА
4568,шtо,ORG,1979,1979,ПОТЕРА,СТАРИ И НОВИ ПЕСНИ (1979) НОВИ ЦИКЛУСИ,ПРОЛОЖНИ ЖИТИЈА
4568,pравел,DATE,1979,1979,ПОТЕРА,СТАРИ И НОВИ ПЕСНИ (1979) НОВИ ЦИКЛУСИ,ПРОЛОЖНИ ЖИТИЈА
4568,марко крале pод,PERSON,1979,1979,ПОТЕРА,СТАРИ И НОВИ ПЕСНИ (1979) НОВИ ЦИКЛУСИ,ПРОЛОЖНИ ЖИТИЈА
4569,шtо заtнал водаtа,ORG,1979,1979,ПОТЕРА,СТАРИ И НОВИ ПЕСНИ (1979) НОВИ ЦИКЛУСИ,ПРОЛОЖНИ ЖИТИЈА
4570,арари,CARDINAL,1979,1979,ОДЗЕМАЊЕ НА СИЛАТА,СТАРИ И НОВИ ПЕСНИ (1979) НОВИ ЦИКЛУСИ,МАРКО КРАЛЕ
4571,бруќе,GPE,1979,1979,ОДЗЕМАЊЕ НА СИЛАТА,СТАРИ И НОВИ ПЕСНИ (1979) НОВИ ЦИКЛУСИ,МАРКО КРАЛЕ
4578,чакалиште,GPE,1979,1979,ОДЗЕМАЊЕ НА СИЛАТА,СТАРИ И НОВИ ПЕСНИ (1979) НОВИ ЦИКЛУСИ,МАРКО КРАЛЕ
4582,заден,ORDINAL,1979,1979,ОДЗЕМАЊЕ НА СИЛАТА,СТАРИ И НОВИ ПЕСНИ (1979) НОВИ ЦИКЛУСИ,МАРКО КРАЛЕ
4592,ноќе,TIME,1979,1979,ОДЗЕМАЊЕ НА СИЛАТА,СТАРИ И НОВИ ПЕСНИ (1979) НОВИ ЦИКЛУСИ,МАРКО КРАЛЕ
4612,ајдут,NORP,1979,1979,ОДЗЕМАЊЕ НА СИЛАТА,СТАРИ И НОВИ ПЕСНИ (1979) НОВИ ЦИКЛУСИ,МАРКО КРАЛЕ
4621,чакалиште,GPE,1979,1979,ОДЗЕМАЊЕ НА СИЛАТА,СТАРИ И НОВИ ПЕСНИ (1979) НОВИ ЦИКЛУСИ,МАРКО КРАЛЕ
4625,ликував,GPE,1979,1979,ОДЗЕМАЊЕ НА СИЛАТА,СТАРИ И НОВИ ПЕСНИ (1979) НОВИ ЦИКЛУСИ,МАРКО КРАЛЕ
4631,корнев,PERSON,1979,1979,ОДЗЕМАЊЕ НА СИЛАТА,СТАРИ И НОВИ ПЕСНИ (1979) НОВИ ЦИКЛУСИ,МАРКО КРАЛЕ
4648,водје,GPE,1979,1979,ОДЗЕМАЊЕ НА СИЛАТА,СТАРИ И НОВИ ПЕСНИ (1979) НОВИ ЦИКЛУСИ,МАРКО КРАЛЕ
4660,варош,LOC,1979,1979,СТЕРНА,СТАРИ И НОВИ ПЕСНИ (1979) НОВИ ЦИКЛУСИ,МАРКО КРАЛЕ
4665,леgенда,GPE,1979,1979,СТЕРНА,СТАРИ И НОВИ ПЕСНИ (1979) НОВИ ЦИКЛУСИ,МАРКО КРАЛЕ
4679,наум,PERSON,1979,1979,СТЕРНА,СТАРИ И НОВИ ПЕСНИ (1979) НОВИ ЦИКЛУСИ,МАРКО КРАЛЕ
4699,рулче,PERSON,1979,1979,СТЕРНА,СТАРИ И НОВИ ПЕСНИ (1979) НОВИ ЦИКЛУСИ,МАРКО КРАЛЕ
4707,бодри,GPE,1979,1979,СТЕРНА,СТАРИ И НОВИ ПЕСНИ (1979) НОВИ ЦИКЛУСИ,МАРКО КРАЛЕ
4722,безимен врволица,GPE,1979,1979,СТЕРНА,СТАРИ И НОВИ ПЕСНИ (1979) НОВИ ЦИКЛУСИ,МАРКО КРАЛЕ
4737,исцрпе,NORP,1979,1979,СТЕРНА,СТАРИ И НОВИ ПЕСНИ (1979) НОВИ ЦИКЛУСИ,МАРКО КРАЛЕ
4759,шtо,ORG,1979,1979,КАЛЕ,СТАРИ И НОВИ ПЕСНИ (1979) НОВИ ЦИКЛУСИ,МАРКО КРАЛЕ
4760,марко,PERSON,1979,1979,КАЛЕ,СТАРИ И НОВИ ПЕСНИ (1979) НОВИ ЦИКЛУСИ,МАРКО КРАЛЕ
4762,леgенда,GPE,1979,1979,КАЛЕ,СТАРИ И НОВИ ПЕСНИ (1979) НОВИ ЦИКЛУСИ,МАРКО КРАЛЕ
4763,манастир,GPE,1979,1979,КАЛЕ,СТАРИ И НОВИ ПЕСНИ (1979) НОВИ ЦИКЛУСИ,МАРКО КРАЛЕ
4776,двајца,CARDINAL,1979,1979,КАЛЕ,СТАРИ И НОВИ ПЕСНИ (1979) НОВИ ЦИКЛУСИ,МАРКО КРАЛЕ
4792,мак,NORP,1979,1979,КАЛЕ,СТАРИ И НОВИ ПЕСНИ (1979) НОВИ ЦИКЛУСИ,МАРКО КРАЛЕ
4815,засводен,CARDINAL,1979,1979,КАЛЕ,СТАРИ И НОВИ ПЕСНИ (1979) НОВИ ЦИКЛУСИ,МАРКО КРАЛЕ
4817,манастир,GPE,1979,1979,КАЛЕ,СТАРИ И НОВИ ПЕСНИ (1979) НОВИ ЦИКЛУСИ,МАРКО КРАЛЕ
4826,манастир гроб,FAC,1979,1979,КАЛЕ,СТАРИ И НОВИ ПЕСНИ (1979) НОВИ ЦИКЛУСИ,МАРКО КРАЛЕ
4828,брдце,PERSON,1979,1979,КАЛЕ,СТАРИ И НОВИ ПЕСНИ (1979) НОВИ ЦИКЛУСИ,МАРКО КРАЛЕ
4829,ден мавни,TIME,1979,1979,КАЛЕ,СТАРИ И НОВИ ПЕСНИ (1979) НОВИ ЦИКЛУСИ,МАРКО КРАЛЕ
4831,двајца,CARDINAL,1979,1979,КАЛЕ,СТАРИ И НОВИ ПЕСНИ (1979) НОВИ ЦИКЛУСИ,МАРКО КРАЛЕ
4854,гора,LOC,1979,1979,МАРКОВИОТ МАНАСТИР,СТАРИ И НОВИ ПЕСНИ (1979) НОВИ ЦИКЛУСИ,МАРКО КРАЛЕ
4878,кочо рацин,PERSON,1979,1979,МАРКОВИОТ МАНАСТИР,СТАРИ И НОВИ ПЕСНИ (1979) НОВИ ЦИКЛУСИ,МАРКО КРАЛЕ
4883,припек пладне,PERSON,1979,1979,МАРКОВИОТ МАНАСТИР,СТАРИ И НОВИ ПЕСНИ (1979) НОВИ ЦИКЛУСИ,МАРКО КРАЛЕ
4884,аргат,PERSON,1979,1979,МАРКОВИОТ МАНАСТИР,СТАРИ И НОВИ ПЕСНИ (1979) НОВИ ЦИКЛУСИ,МАРКО КРАЛЕ
4889,страд,PERSON,1979,1979,МАРКОВИОТ МАНАСТИР,СТАРИ И НОВИ ПЕСНИ (1979) НОВИ ЦИКЛУСИ,МАРКО КРАЛЕ
4898,седнел лад,NORP,1979,1979,МАРКОВИОТ МАНАСТИР,СТАРИ И НОВИ ПЕСНИ (1979) НОВИ ЦИКЛУСИ,МАРКО КРАЛЕ
4902,багрем,LOC,1979,1979,МАРКОВИОТ МАНАСТИР,СТАРИ И НОВИ ПЕСНИ (1979) НОВИ ЦИКЛУСИ,МАРКО КРАЛЕ
4912,зима,DATE,1979,1979,(ЕПИЛОГ),СТАРИ И НОВИ ПЕСНИ (1979) НОВИ ЦИКЛУСИ,МАРКО КРАЛЕ
4917,чари,GPE,1979,1979,(ЕПИЛОГ),СТАРИ И НОВИ ПЕСНИ (1979) НОВИ ЦИКЛУСИ,МАРКО КРАЛЕ
4920,невестица,NORP,1979,1979,(ЕПИЛОГ),СТАРИ И НОВИ ПЕСНИ (1979) НОВИ ЦИКЛУСИ,МАРКО КРАЛЕ
4925,рид рид,GPE,1979,1979,(ЕПИЛОГ),СТАРИ И НОВИ ПЕСНИ (1979) НОВИ ЦИКЛУСИ,МАРКО КРАЛЕ
4927,лилав раб,GPE,1979,1979,(ЕПИЛОГ),СТАРИ И НОВИ ПЕСНИ (1979) НОВИ ЦИКЛУСИ,МАРКО КРАЛЕ
4929,биден,GPE,1979,1979,(ЕПИЛОГ),СТАРИ И НОВИ ПЕСНИ (1979) НОВИ ЦИКЛУСИ,МАРКО КРАЛЕ
4956,буков,PERSON,1979,1979,(ЕПИЛОГ),СТАРИ И НОВИ ПЕСНИ (1979) НОВИ ЦИКЛУСИ,МАРКО КРАЛЕ
4958,дол,GPE,1979,1979,(ЕПИЛОГ),СТАРИ И НОВИ ПЕСНИ (1979) НОВИ ЦИКЛУСИ,МАРКО КРАЛЕ
4959,леска,LOC,1979,1979,(ЕПИЛОГ),СТАРИ И НОВИ ПЕСНИ (1979) НОВИ ЦИКЛУСИ,МАРКО КРАЛЕ
4965,послежно,NORP,1984,1984,КОЧО РАЦИН,ЧЕШМИТЕ (1984),ЧЕШМИТЕ
4971,вишини,NORP,1984,1984,КОЧО РАЦИН,ЧЕШМИТЕ (1984),ЧЕШМИТЕ
4973,светлинка,PERSON,1984,1984,КОЧО РАЦИН,ЧЕШМИТЕ (1984),ЧЕШМИТЕ
4985,двете,CARDINAL,1984,1984,ЧЕШМИТЕ,ЧЕШМИТЕ (1984),ЧЕШМИТЕ
4993,мак,NORP,1984,1984,ПИПЕРКИ,ЧЕШМИТЕ (1984),ЧЕШМИТЕ
5010,ал,PERSON,1984,1984,ЈУРУКЛУКОТ,ЧЕШМИТЕ (1984),ЧЕШМИТЕ
5011,есен,DATE,1984,1984,ЈУРУКЛУКОТ,ЧЕШМИТЕ (1984),ЧЕШМИТЕ
5027,вчера,TIME,1984,1984,ИЗЛЕТ,ЧЕШМИТЕ (1984),ЧЕШМИТЕ
5038,трескавец,TIME,1984,1984,МУКОС,ЧЕШМИТЕ (1984),ЧЕШМИТЕ
5039,прилеп,GPE,1984,1984,МУКОС,ЧЕШМИТЕ (1984),ЧЕШМИТЕ
5045,прво,ORDINAL,1984,1984,МУКОС,ЧЕШМИТЕ (1984),ЧЕШМИТЕ
5068,потемне,PERSON,1984,1984,РОДЕНДЕН,ЧЕШМИТЕ (1984),ЧЕШМИТЕ
5071,виргино брдо,LOC,1984,1984,РОДЕНДЕН,ЧЕШМИТЕ (1984),ЧЕШМИТЕ
5087,лилија,GPE,1984,1984,СНИШТА,ЧЕШМИТЕ (1984),ЧЕШМИТЕ
5091,езеро мрака,WORK_OF_ART,1984,1984,СНИШТА,ЧЕШМИТЕ (1984),ЧЕШМИТЕ
5111,еднаш,TIME,1984,1984,АНА,ЧЕШМИТЕ (1984),ДОЈРАНСКИ ВЕТРИШТА
5132,војводина,LOC,1984,1984,ТРАКТАТ ЗА ЗАЧЕТОКОТ НА ПЕСНАТА,ЧЕШМИТЕ (1984),ДОЈРАНСКИ ВЕТРИШТА
5144,вагани,GPE,1984,1984,ТРАКТАТ ЗА ЗАЧЕТОКОТ НА ПЕСНАТА,ЧЕШМИТЕ (1984),ДОЈРАНСКИ ВЕТРИШТА
5176,себеуништување,PERSON,1984,1984,КОПНЕЖ,ЧЕШМИТЕ (1984),ДОЈРАНСКИ ВЕТРИШТА
5179,опора,GPE,1984,1984,КОПНЕЖ,ЧЕШМИТЕ (1984),ДОЈРАНСКИ ВЕТРИШТА
5198,мак,NORP,1984,1984,ПЕСНАТА НА ЕДНА ПЕВИЦА,ЧЕШМИТЕ (1984),ДОЈРАНСКИ ВЕТРИШТА
5210,поточиња,LOC,1984,1984,ДРВЧЕ ПРЕСАДЕНО ОД КОЖУВ,ЧЕШМИТЕ (1984),ДОЈРАНСКИ ВЕТРИШТА
5252,дванаесет,CARDINAL,1984,1984,ДАНТЕ,ЧЕШМИТЕ (1984),ДОЈРАНСКИ ВЕТРИШТА
5253,крепат,GPE,1984,1984,ДАНТЕ,ЧЕШМИТЕ (1984),ДОЈРАНСКИ ВЕТРИШТА
5254,шести,ORDINAL,1984,1984,ДАНТЕ,ЧЕШМИТЕ (1984),ДОЈРАНСКИ ВЕТРИШТА
5257,пласти,NORP,1984,1984,ДАНТЕ,ЧЕШМИТЕ (1984),ДОЈРАНСКИ ВЕТРИШТА
5258,ѕвек,ORDINAL,1984,1984,ДАНТЕ,ЧЕШМИТЕ (1984),ДОЈРАНСКИ ВЕТРИШТА
5261,едно,CARDINAL,1984,1984,ДАНТЕ,ЧЕШМИТЕ (1984),ДОЈРАНСКИ ВЕТРИШТА
5261,лето,DATE,1984,1984,ДАНТЕ,ЧЕШМИТЕ (1984),ДОЈРАНСКИ ВЕТРИШТА
5266,смилево,GPE,1984,1984,ДАНТЕ,ЧЕШМИТЕ (1984),ДОЈРАНСКИ ВЕТРИШТА
5307,здивена,MONEY,1984,1984,ЗАГУБЕНИ БРАЌА,ЧЕШМИТЕ (1984),ДОЈРАНСКИ ВЕТРИШТА
5316,бувнува,LOC,1984,1984,ЗАГУБЕНИ БРАЌА,ЧЕШМИТЕ (1984),ДОЈРАНСКИ ВЕТРИШТА
5344,еден,CARDINAL,1984,1984,ТРОЈА,ЧЕШМИТЕ (1984),ДОЈРАНСКИ ВЕТРИШТА
5348,ракотинци,GPE,1984,1984,ТРОЈА,ЧЕШМИТЕ (1984),ДОЈРАНСКИ ВЕТРИШТА
5385,лишка,GPE,1984,1984,СРЦЕТО НА БОРКА ТАЛЕСКИ,ЧЕШМИТЕ (1984),ДОЈРАНСКИ ВЕТРИШТА
5386,кашка калта дно бунар,NORP,1984,1984,СРЦЕТО НА БОРКА ТАЛЕСКИ,ЧЕШМИТЕ (1984),ДОЈРАНСКИ ВЕТРИШТА
5405,љубимите,NORP,1984,1984,ДОЈРАНСКИ ВЕТРИШТА,ЧЕШМИТЕ (1984),ДОЈРАНСКИ ВЕТРИШТА
5413,подлежам,PERSON,1984,1984,ДОЈРАНСКИ ВЕТРИШТА,ЧЕШМИТЕ (1984),ДОЈРАНСКИ ВЕТРИШТА
5422,зима,DATE,1987,1987,ПОЕЗИЈО,ПОСЛАНИЕ (1987),ПОСЛАНИЕ
5429,вториот,ORDINAL,1987,1987,ПОЕЗИЈО,ПОСЛАНИЕ (1987),ПОСЛАНИЕ
5430,трет,ORDINAL,1987,1987,ПОЕЗИЈО,ПОСЛАНИЕ (1987),ПОСЛАНИЕ
5431,месечински полноќ,PERSON,1987,1987,ПОЕТИКА,ПОСЛАНИЕ (1987),ПОСЛАНИЕ
5471,лето,DATE,1987,1987,НАД СЕКНАТИОТ БУНАР,ПОСЛАНИЕ (1987),ПОСЛАНИЕ
5473,припек,DATE,1987,1987,НАД СЕКНАТИОТ БУНАР,ПОСЛАНИЕ (1987),ПОСЛАНИЕ
5475,морски брег,LOC,1987,1987,НАД СЕКНАТИОТ БУНАР,ПОСЛАНИЕ (1987),ПОСЛАНИЕ
5493,цена,PERSON,1987,1987,ПОРАКА НА ЉУБИМИТЕ,ПОСЛАНИЕ (1987),ПОСЛАНИЕ
5512,влаиница,LOC,1987,1987,ПО МНОГУ ГОДИНИ,ПОСЛАНИЕ (1987),ПОСЛАНИЕ
5522,корзо,GPE,1987,1987,ПО МНОГУ ГОДИНИ,ПОСЛАНИЕ (1987),ПОСЛАНИЕ
5531,укит,ORDINAL,1987,1987,ЉУБОМОРА,ПОСЛАНИЕ (1987),ПОСЛАНИЕ
5546,зима,DATE,1987,1987,ЖЕД,ПОСЛАНИЕ (1987),ПОСЛАНИЕ
5583,мај,DATE,1987,1987,ОДДАДЕНОСТ,ПОСЛАНИЕ (1987),ПОСЛАНИЕ
5591,ѓубренце,GPE,1987,1987,ДРВЈАТА,ПОСЛАНИЕ (1987),ПОСЛАНИЕ
5595,шепотиш мил,PERCENT,1987,1987,ГРАНКА,ПОСЛАНИЕ (1987),ПОСЛАНИЕ
5601,септември,DATE,1987,1987,ГАЛЕЊЕ НА ПРЕДЕЛОТ,ПОСЛАНИЕ (1987),ПОСЛАНИЕ
5625,лагадина,PERSON,1987,1987,МОЛЧЕЊЕ,ПОСЛАНИЕ (1987),ПОСЛАНИЕ
5639,погалам,PERSON,1987,1987,ПО МРАЗОВИТЕ,ПОСЛАНИЕ (1987),ПОСЛАНИЕ
5657,англиски,LANGUAGE,1987,1987,МАЛЕЧКИ ПРЕДМЕТИ,ПОСЛАНИЕ (1987),ПОСЛАНИЕ
5658,двајца,CARDINAL,1987,1987,НЕМИНОВНОСТ,ПОСЛАНИЕ (1987),ПОСЛАНИЕ
5658,црнци,NORP,1987,1987,НЕМИНОВНОСТ,ПОСЛАНИЕ (1987),ПОСЛАНИЕ
5663,утро,CARDINAL,1987,1987,НЕМИНОВНОСТ,ПОСЛАНИЕ (1987),ПОСЛАНИЕ
5664,заѕуни,PERSON,1987,1987,НЕМИНОВНОСТ,ПОСЛАНИЕ (1987),ПОСЛАНИЕ
5688,хомера,PERCENT,1987,1987,БАВЧА,ПОСЛАНИЕ (1987),ПОСЛАНИЕ
5690,хармонико,EVENT,1987,1987,БАВЧА,ПОСЛАНИЕ (1987),ПОСЛАНИЕ
5691,кипарис,PERSON,1987,1987,БАВЧА,ПОСЛАНИЕ (1987),ПОСЛАНИЕ
5700,кипарис,PERSON,1987,1987,БАВЧА,ПОСЛАНИЕ (1987),ПОСЛАНИЕ
5707,лелее,GPE,1987,1987,ПТИЦИТЕ,ПОСЛАНИЕ (1987),ПОСЛАНИЕ
5708,мак,NORP,1987,1987,ПТИЦИТЕ,ПОСЛАНИЕ (1987),ПОСЛАНИЕ
5728,лелеат,PERSON,1987,1987,БОР,ПОСЛАНИЕ (1987),ПОСЛАНИЕ
5730,две,CARDINAL,1987,1987,БОР,ПОСЛАНИЕ (1987),ПОСЛАНИЕ
5733,две,CARDINAL,1987,1987,ФЛОРА И ФАУНА,ПОСЛАНИЕ (1987),ПОСЛАНИЕ
5735,пролет,DATE,1987,1987,ФЛОРА И ФАУНА,ПОСЛАНИЕ (1987),ПОСЛАНИЕ
5751,трети,CARDINAL,1987,1987,ДИВИ ГУСКИ,ПОСЛАНИЕ (1987),ПОСЛАНИЕ
5756,пруса,PERSON,1987,1987,ДИВИ ГУСКИ,ПОСЛАНИЕ (1987),ПОСЛАНИЕ
5760,раменца,NORP,1987,1987,ДИВИ ГУСКИ,ПОСЛАНИЕ (1987),ПОСЛАНИЕ
5766,небесен синевина,PERCENT,1987,1987,КУКУМЈАВКА,ПОСЛАНИЕ (1987),ПОСЛАНИЕ
5775,прирака,LAW,1987,1987,ЗНАМЕЊА,ПОСЛАНИЕ (1987),ПОСЛАНИЕ
5785,сосем,NORP,1987,1987,ЗНАМЕЊА,ПОСЛАНИЕ (1987),ПОСЛАНИЕ
5851,мај,DATE,1987,1987,БРАНОВИ,ПОСЛАНИЕ (1987),ПОСЛАНИЕ
5852,шесто,CARDINAL,1987,1987,БРАНОВИ,ПОСЛАНИЕ (1987),ПОСЛАНИЕ
5855,пет,CARDINAL,1987,1987,РАКОПИС,ПОСЛАНИЕ (1987),ПОСЛАНИЕ
5857,мај,DATE,1987,1987,РАКОПИС,ПОСЛАНИЕ (1987),ПОСЛАНИЕ
5869,мај,DATE,1987,1987,МИНАРЕ,ПОСЛАНИЕ (1987),ПОСЛАНИЕ
5869,цепенков,PERSON,1987,1987,МИНАРЕ,ПОСЛАНИЕ (1987),ПОСЛАНИЕ
5888,ноќе,TIME,1987,1987,ТОЧКА,ПОСЛАНИЕ (1987),ПОСЛАНИЕ
5910,куманово,GPE,1987,1987,ДЕЦАТА,ПОСЛАНИЕ (1987),ПОСЛАНИЕ
5912,повесмо,PERSON,1987,1987,ДЕЦАТА,ПОСЛАНИЕ (1987),ПОСЛАНИЕ
6013,штурците,NORP,1987,1987,ДНЕВНИКОТ НА ГОМБРОВИЧ,ПОСЛАНИЕ (1987),ПОСЛАНИЕ
6014,молкнува,GPE,1987,1987,ДНЕВНИКОТ НА ГОМБРОВИЧ,ПОСЛАНИЕ (1987),ПОСЛАНИЕ
6015,полноќ,TIME,1987,1987,ДНЕВНИКОТ НА ГОМБРОВИЧ,ПОСЛАНИЕ (1987),ПОСЛАНИЕ
6016,едно,CARDINAL,1987,1987,ДНЕВНИКОТ НА ГОМБРОВИЧ,ПОСЛАНИЕ (1987),ПОСЛАНИЕ
6028,илјадници година,DATE,1987,1987,ПРЕМАЈКА,ПОСЛАНИЕ (1987),ПОСЛАНИЕ
6038,солун,GPE,1987,1987,УЧИТЕЛИ,ПОСЛАНИЕ (1987),ПОСЛАНИЕ
6040,цезар,GPE,1987,1987,УЧИТЕЛИ,ПОСЛАНИЕ (1987),ПОСЛАНИЕ
6040,брута,GPE,1987,1987,УЧИТЕЛИ,ПОСЛАНИЕ (1987),ПОСЛАНИЕ
6045,наум,PERSON,1987,1987,УЧИТЕЛИ,ПОСЛАНИЕ (1987),ПОСЛАНИЕ
6045,манастир,GPE,1987,1987,УЧИТЕЛИ,ПОСЛАНИЕ (1987),ПОСЛАНИЕ
6072,прв,ORDINAL,1987,1987,ПОМОШ,ПОСЛАНИЕ (1987),ПОСЛАНИЕ
6072,шест,CARDINAL,1987,1987,ПОМОШ,ПОСЛАНИЕ (1987),ПОСЛАНИЕ
6073,прва,ORDINAL,1987,1987,ПОМОШ,ПОСЛАНИЕ (1987),ПОСЛАНИЕ
6139,утро,QUANTITY,1987,1987,ПОСЛАНИЕ,ПОСЛАНИЕ (1987),ПОСЛАНИЕ
6155,глувота,PERSON,1988,1988,ЦРКВА,ЦРКВА (1988),ЦРКВА (1988)
6162,двете,CARDINAL,1988,1988,ЦРКВА,ЦРКВА (1988),ЦРКВА (1988)
6169,антониј клеопатра,PERSON,1988,1988,ЦРКВА,ЦРКВА (1988),ЦРКВА (1988)
6174,акциум,NORP,1988,1988,ЦРКВА,ЦРКВА (1988),ЦРКВА (1988)
6192,антониј клеопатра,PERSON,1988,1988,ЦРКВА,ЦРКВА (1988),ЦРКВА (1988)
6199,ноќе,TIME,1988,1988,ЦРКВА,ЦРКВА (1988),ЦРКВА (1988)
6258,едно,CARDINAL,1988,1988,ЦРКВА,ЦРКВА (1988),ЦРКВА (1988)
6265,зборуј зборуј зборуј,NORP,1988,1988,ЦРКВА,ЦРКВА (1988),ЦРКВА (1988)
6282,рика,GPE,1988,1988,АНТОНИЈ И КЛЕОПАТРА,ЦРКВА (1988),ЦРКВА (1988)
6286,мак,NORP,1988,1988,АНТОНИЈ И КЛЕОПАТРА,ЦРКВА (1988),ЦРКВА (1988)
6292,рик,NORP,1988,1988,АНТОНИЈ И КЛЕОПАТРА,ЦРКВА (1988),ЦРКВА (1988)
6292,мак,NORP,1988,1988,АНТОНИЈ И КЛЕОПАТРА,ЦРКВА (1988),ЦРКВА (1988)
6296,мак,NORP,1988,1988,АНТОНИЈ И КЛЕОПАТРА,ЦРКВА (1988),ЦРКВА (1988)
6300,морен,NORP,1988,1988,АНТОНИЈ И КЛЕОПАТРА,ЦРКВА (1988),ЦРКВА (1988)
6306,лесново,GPE,1988,1988,АНТОНИЈ И КЛЕОПАТРА,ЦРКВА (1988),ЦРКВА (1988)
6308,гарка филипович макарија,ORG,1988,1988,АНТОНИЈ И КЛЕОПАТРА,ЦРКВА (1988),ЦРКВА (1988)
6308,фрчковски,PERSON,1988,1988,АНТОНИЈ И КЛЕОПАТРА,ЦРКВА (1988),ЦРКВА (1988)
6314,коч рацин,PERSON,1988,1988,АНТОНИЈ И КЛЕОПАТРА,ЦРКВА (1988),ЦРКВА (1988)
6320,личеноски,PERSON,1988,1988,АНТОНИЈ И КЛЕОПАТРА,ЦРКВА (1988),ЦРКВА (1988)
6326,никола,PERSON,1988,1988,АНТОНИЈ И КЛЕОПАТРА,ЦРКВА (1988),ЦРКВА (1988)
6327,крушево,NORP,1988,1988,АНТОНИЈ И КЛЕОПАТРА,ЦРКВА (1988),ЦРКВА (1988)
6360,мајаковски,ORG,1988,1988,ВРАПЦИ ВО МАГЛА,ЦРКВА (1988),ЦРКВА (1988)
6368,утро,TIME,1988,1988,ТАТКО,ЦРКВА (1988),ЦРКВА (1988)
6385,очајник,EVENT,1988,1988,СПОМЕН ПО МНОГУ ГОДИНИ,ЦРКВА (1988),ЦРКВА (1988)
6418,ордан тетин,PERSON,1988,1988,ПОМЕН,ЦРКВА (1988),ЦРКВА (1988)
6424,сполај,PERSON,1988,1988,ПОМЕН,ЦРКВА (1988),ЦРКВА (1988)
6427,пар,CARDINAL,1988,1988,ПОМЕН,ЦРКВА (1988),ЦРКВА (1988)
6461,небо,CARDINAL,1988,1988,ПЕСНАТА,ЦРКВА (1988),ЦРКВА (1988)
6493,христјани,NORP,1988,1988,ТОЈ ДЕН,ЦРКВА (1988),ЦРКВА (1988)
6496,споминајте,NORP,1988,1988,СЕМЕЈНА ИСТОРИЈА,ЦРКВА (1988),ЦРКВА (1988)
6497,вехчани,GPE,1988,1988,СЕМЕЈНА ИСТОРИЈА,ЦРКВА (1988),ЦРКВА (1988)
6529,масат,ORG,1988,1988,СВЕТИ НИКОЛА,ЦРКВА (1988),ЦРКВА (1988)
6534,двете,CARDINAL,1988,1988,БРАЧЕН ПАР,ЦРКВА (1988),ЦРКВА (1988)
6559,едно,CARDINAL,1988,1988,ПОДМЛАДУВАЊЕ,ЦРКВА (1988),ЦРКВА (1988)
6602,двајцата,CARDINAL,1988,1988,ВО ЈОВАН БИГОРСКИ,ЦРКВА (1988),ЦРКВА (1988)
6608,втора,ORDINAL,1988,1988,ВО ЈОВАН БИГОРСКИ,ЦРКВА (1988),ЦРКВА (1988)
6611,макавеите,NORP,1988,1988,ЖЕНАТА,ЦРКВА (1988),ЦРКВА (1988)
6631,декември,DATE,1988,1988,РАКА,ЦРКВА (1988),ЦРКВА (1988)
6704,салонит,PERSON,1988,1988,РАЗГОВОР,ЦРКВА (1988),ЦРКВА (1988)
6708,зајдисонце,TIME,1988,1988,РАЗГОВОР,ЦРКВА (1988),ЦРКВА (1988)
6712,лето,DATE,1988,1988,РАЗГОВОР,ЦРКВА (1988),ЦРКВА (1988)
6713,ракотинци,GPE,1988,1988,РАЗГОВОР,ЦРКВА (1988),ЦРКВА (1988)
6735,ракотинци,GPE,1988,1988,УЛАВШТИНИ,ЦРКВА (1988),ЦРКВА (1988)
6736,дрочат,LOC,1988,1988,УЛАВШТИНИ,ЦРКВА (1988),ЦРКВА (1988)
6738,седум,CARDINAL,1988,1988,ДЕКЕМВРИ,ЦРКВА (1988),ЦРКВА (1988)
6777,шепина,GPE,1988,1988,ЖЕШТИНА,ЦРКВА (1988),ЦРКВА (1988)
6781,едно,CARDINAL,1988,1988,СПОКОЈ,ЦРКВА (1988),ЦРКВА (1988)
6794,сок,GPE,1988,1988,ГУГУЧКИ,ЦРКВА (1988),ЦРКВА (1988)
6798,зима,DATE,1988,1988,ГУГУЧКИ,ЦРКВА (1988),ЦРКВА (1988)
6804,молкум,NORP,1988,1988,ГУГУЧКИ,ЦРКВА (1988),ЦРКВА (1988)
6808,колеле,PERSON,1988,1988,ВРСКА СО ЖИВОТОТ,ЦРКВА (1988),ЦРКВА (1988)
6833,есен,DATE,1988,1988,ЛЕТО,ЦРКВА (1988),ЦРКВА (1988)
6871,липоти,GPE,1988,1988,СПОМЕН,ЦРКВА (1988),ЦРКВА (1988)
6879,мак,NORP,1988,1988,РАСЦЕП,ЦРКВА (1988),ЦРКВА (1988)
6929,ѓорѓи,NORP,1988,1988,ЗАШТИТА,ЦРКВА (1988),ЦРКВА (1988)
6929,божиков,PERSON,1988,1988,ЗАШТИТА,ЦРКВА (1988),ЦРКВА (1988)
6931,ѓорѓи божиков,PERSON,1988,1988,ЗАШТИТА,ЦРКВА (1988),ЦРКВА (1988)
6933,вардар,LOC,1988,1988,ЗАШТИТА,ЦРКВА (1988),ЦРКВА (1988)
6936,гоце,PERSON,1988,1988,ЗАШТИТА,ЦРКВА (1988),ЦРКВА (1988)
6945,владимир мошин,PERSON,1988,1988,ЛАСТОВИЦИ,ЦРКВА (1988),ЦРКВА (1988)
6954,петроград,GPE,1988,1988,ЛАСТОВИЦИ,ЦРКВА (1988),ЦРКВА (1988)
6966,васил чипов,PERSON,1988,1988,ПРЕЖИВУВАЊЕ,ЦРКВА (1988),ЦРКВА (1988)
6990,преграбена,LOC,1988,1988,ВИДЕЛО,ЦРКВА (1988),ЦРКВА (1988)
7009,дворците,CARDINAL,1988,1988,РЕЗИГНАЦИЈА,ЦРКВА (1988),ЦРКВА (1988)
7016,искресто,GPE,1988,1988,РЕЗИГНАЦИЈА,ЦРКВА (1988),ЦРКВА (1988)
7017,дватри,CARDINAL,1988,1988,РЕЗИГНАЦИЈА,ЦРКВА (1988),ЦРКВА (1988)
7063,почуј,NORP,1988,1988,УСПЕНИЕ НА ВЛАДИМИР МОШИН,ЦРКВА (1988),ЦРКВА (1988)
7084,петлица,LOC,1988,1988,ВАСИЛ ЧИПОВ,ЦРКВА (1988),ЦРКВА (1988)
7089,седумдесет,CARDINAL,1988,1988,ВАСИЛ ЧИПОВ,ЦРКВА (1988),ЦРКВА (1988)
7090,сирма војвода,ORG,1988,1988,ВАСИЛ ЧИПОВ,ЦРКВА (1988),ЦРКВА (1988)
7094,лула,PERSON,1988,1988,ВАСИЛ ЧИПОВ,ЦРКВА (1988),ЦРКВА (1988)
7095,попов,PERSON,1988,1988,ВАСИЛ ЧИПОВ,ЦРКВА (1988),ЦРКВА (1988)
7107,десет саат,QUANTITY,1989,1989,ЉУБОВ,ЗЛАТОВРВ (1989),"На сpоменоt
на Цвеtанка Трpкова"
7119,шчо,NORP,1989,1989,ЉУБОВ,ЗЛАТОВРВ (1989),"На сpоменоt
на Цвеtанка Трpкова"
7119,шчо,NORP,1989,1989,ЉУБОВ,ЗЛАТОВРВ (1989),"На сpоменоt
на Цвеtанка Трpкова"
7127,шчо,NORP,1989,1989,ВИНО,ЗЛАТОВРВ (1989),"На сpоменоt
на Цвеtанка Трpкова"
7139,страж,PERSON,1989,1989,ВИНО,ЗЛАТОВРВ (1989),"На сpоменоt
на Цвеtанка Трpкова"
7143,лазорополе,GPE,1989,1989,1,ЗЛАТОВРВ (1989),ЗЛАTОВРВ
7146,бргобрго,GPE,1989,1989,1,ЗЛАТОВРВ (1989),ЗЛАTОВРВ
7152,блаже,PERSON,1989,1989,1,ЗЛАТОВРВ (1989),ЗЛАTОВРВ
7152,бирино,GPE,1989,1989,1,ЗЛАТОВРВ (1989),ЗЛАTОВРВ
7153,бирино село,GPE,1989,1989,1,ЗЛАТОВРВ (1989),ЗЛАTОВРВ
7157,претпладне,DATE,1989,1989,2,ЗЛАТОВРВ (1989),ЗЛАTОВРВ
7161,блаже,PERSON,1989,1989,2,ЗЛАТОВРВ (1989),ЗЛАTОВРВ
7177,бирино,GPE,1989,1989,3,ЗЛАТОВРВ (1989),ЗЛАTОВРВ
7199,вѕирам,NORP,1989,1989,5,ЗЛАТОВРВ (1989),ЗЛАTОВРВ
7230,вардар,LOC,1989,1989,СИРМА,ЗЛАТОВРВ (1989),СИРМА
7237,демир,GPE,1989,1989,ВО ДЕСЕТ СААТОТ ПРЕТПЛАДНЕ,ЗЛАТОВРВ (1989),СИРМА
7256,денеска,TIME,1989,1989,ВО ДЕСЕТ СААТОТ ПРЕТПЛАДНЕ,ЗЛАТОВРВ (1989),СИРМА
7257,вчера,TIME,1989,1989,ВО ДЕСЕТ СААТОТ ПРЕТПЛАДНЕ,ЗЛАТОВРВ (1989),СИРМА
7272,есен,DATE,1989,1989,ВО ДЕСЕТ СААТОТ ПРЕТПЛАДНЕ,ЗЛАТОВРВ (1989),СИРМА
7305,мак,NORP,1989,1989,ВОЈВОДАТА БЛАЖЕ ВО ИСПУСТЕНОТО БИРИНО,ЗЛАТОВРВ (1989),СИРМА
7313,џагори,PERSON,1989,1989,ГЛЕДАЊЕ ВО ФИЛЏАН,ЗЛАТОВРВ (1989),СКРЖАВИ PЕСНИ
7325,одвременавреме,LOC,1989,1989,ПОГЛЕД,ЗЛАТОВРВ (1989),СКРЖАВИ PЕСНИ
7333,tурскиоt,ORG,1989,1989,ПОГЛЕД,ЗЛАТОВРВ (1989),СКРЖАВИ PЕСНИ
7335,четворицата,CARDINAL,1989,1989,1,ЗЛАТОВРВ (1989),СКРЖАВИ PЕСНИ
7337,тројца,CARDINAL,1989,1989,1,ЗЛАТОВРВ (1989),СКРЖАВИ PЕСНИ
7339,двајца,CARDINAL,1989,1989,1,ЗЛАТОВРВ (1989),СКРЖАВИ PЕСНИ
7361,провирам,GPE,1989,1989,БОЛНИЧКА СОБА,ЗЛАТОВРВ (1989),СКРЖАВИ PЕСНИ
7366,турско,NORP,1989,1989,БОЛНИЧКА СОБА,ЗЛАТОВРВ (1989),СКРЖАВИ PЕСНИ
7369,небрегово,GPE,1989,1989,БОЛНИЧКА СОБА,ЗЛАТОВРВ (1989),СКРЖАВИ PЕСНИ
7370,мајаковски,GPE,1989,1989,ТРАВНИК,ЗЛАТОВРВ (1989),СКРЖАВИ PЕСНИ
7386,одлагаш,NORP,1989,1989,ПОЧЕТОК НА ДЕНОТ,ЗЛАТОВРВ (1989),СКРЖАВИ PЕСНИ
7403,март,DATE,1989,1989,ОДЛАГАЊЕ,ЗЛАТОВРВ (1989),СКРЖАВИ PЕСНИ
7443,раменица,PERSON,1989,1989,В ЗОРИ,ЗЛАТОВРВ (1989),СКРЖАВИ PЕСНИ
7450,пладне,PERSON,1989,1989,ЧУВАЊЕ НА МРТОВЕЦ,ЗЛАТОВРВ (1989),СКРЖАВИ PЕСНИ
7464,сен,FAC,1989,1989,ПОЛН ЦИКЛУС,ЗЛАТОВРВ (1989),СКРЖАВИ PЕСНИ
7486,бурјан,PERSON,1989,1989,ЕСЕНСКО ЗАЈДИСОНЦЕ,ЗЛАТОВРВ (1989),СКРЖАВИ PЕСНИ
7511,утрово,TIME,1989,1989,МАЈАКОВСКИ,ЗЛАТОВРВ (1989),СКРЖАВИ PЕСНИ
7524,дреновци,PERSON,1989,1989,ВО ПАРКОТ,ЗЛАТОВРВ (1989),СКРЖАВИ PЕСНИ
7528,оломнани,GPE,1989,1989,ВО ПАРКОТ,ЗЛАТОВРВ (1989),СКРЖАВИ PЕСНИ
7534,ноќта,DATE,1989,1989,ДУЊА,ЗЛАТОВРВ (1989),СКРЖАВИ PЕСНИ
7543,несносен,GPE,1989,1989,ДУЊА,ЗЛАТОВРВ (1989),СКРЖАВИ PЕСНИ
7550,утро,TIME,1989,1989,СПОМЕНИТЕ,ЗЛАТОВРВ (1989),СКРЖАВИ PЕСНИ
7563,вода,PRODUCT,1989,1989,НА СОНЦЕ,ЗЛАТОВРВ (1989),СКРЖАВИ PЕСНИ
7564,коритца,PERSON,1989,1989,НА СОНЦЕ,ЗЛАТОВРВ (1989),СКРЖАВИ PЕСНИ
7576,кас,GPE,1989,1989,ПЕНЗИОНЕРИ,ЗЛАТОВРВ (1989),СКРЖАВИ PЕСНИ
7600,матново утро,GPE,1989,1989,ГРОБОВИ,ЗЛАТОВРВ (1989),СКРЖАВИ PЕСНИ
7615,мак,NORP,1989,1989,ГРОБОВИ,ЗЛАТОВРВ (1989),СКРЖАВИ PЕСНИ
7619,орелон,GPE,1989,1989,ГРОБОВИ,ЗЛАТОВРВ (1989),СКРЖАВИ PЕСНИ
7623,белутрак секоја бразда,LOC,1989,1989,ГРОБОВИ,ЗЛАТОВРВ (1989),СКРЖАВИ PЕСНИ
7630,орлица,GPE,1989,1989,МРША,ЗЛАТОВРВ (1989),СКРЖАВИ PЕСНИ
7640,испустен,NORP,1989,1989,МРША,ЗЛАТОВРВ (1989),СКРЖАВИ PЕСНИ
7644,мак,NORP,1989,1989,БОЛКА,ЗЛАТОВРВ (1989),СКРЖАВИ PЕСНИ
7655,добивници,PERSON,1989,1989,ВИДУВАЊЕ,ЗЛАТОВРВ (1989),СКРЖАВИ PЕСНИ
7672,деведесет,CARDINAL,1989,1989,БЛАГОСЛОВ,ЗЛАТОВРВ (1989),СКРЖАВИ PЕСНИ
7688,десет година,DATE,1989,1989,МАГЛЕНО УТРО,ЗЛАТОВРВ (1989),СКРЖАВИ PЕСНИ
7697,сил мојаtа,NORP,1989,1989,СВЕЖИНА,ЗЛАТОВРВ (1989),СКРЖАВИ PЕСНИ
7698,павле,PERCENT,1989,1989,СВЕЖИНА,ЗЛАТОВРВ (1989),СКРЖАВИ PЕСНИ
7700,сил,PERSON,1989,1989,СВЕЖИНА,ЗЛАТОВРВ (1989),СКРЖАВИ PЕСНИ
7751,секавица,PERSON,1989,1989,ОДА НА УМОТ,СЕИЗМОГРАФ (1989),ЖИВОTЕН PАT
7783,марија,PERSON,1989,1989,ВЕРА,СЕИЗМОГРАФ (1989),ЖИВОTЕН PАT
7783,март,DATE,1989,1989,ВЕРА,СЕИЗМОГРАФ (1989),ЖИВОTЕН PАT
7810,река езеро морски брег,LOC,1989,1989,ЖИВОТЕН ПАТ,СЕИЗМОГРАФ (1989),ЖИВОTЕН PАT
7814,пазаришта,GPE,1989,1989,ЖИВОТЕН ПАТ,СЕИЗМОГРАФ (1989),ЖИВОTЕН PАT
7848,зима,DATE,1989,1989,ПОТСТАНАР,СЕИЗМОГРАФ (1989),ЖИВОTЕН PАT
7853,призрачен,GPE,1989,1989,МОЈАТА ПЕСНА,СЕИЗМОГРАФ (1989),ЖИВОTЕН PАT
7868,мак,NORP,1989,1989,ПОЧИНКА,СЕИЗМОГРАФ (1989),ЖИВОTЕН PАT
7879,тињиште,GPE,1989,1989,ПОЧИНКА,СЕИЗМОГРАФ (1989),ЖИВОTЕН PАT
7881,два,CARDINAL,1989,1989,ПОЧИНКА,СЕИЗМОГРАФ (1989),ЖИВОTЕН PАT
7884,ломен,PERSON,1989,1989,ДИВИНА,СЕИЗМОГРАФ (1989),ЖИВОTЕН PАT
7919,вене,GPE,1989,1989,ПОХВАЛА,СЕИЗМОГРАФ (1989),ЖИВОTЕН PАT
7925,вене,GPE,1989,1989,ПОХВАЛА,СЕИЗМОГРАФ (1989),ЖИВОTЕН PАT
7947,ѕемне,NORP,1989,1989,ТАТКОВИНА,СЕИЗМОГРАФ (1989),ГОДИШНИНА
7995,бршљангора,NORP,1989,1989,ОБВРСКА,СЕИЗМОГРАФ (1989),ГОДИШНИНА
7997,узвива,LOC,1989,1989,ОБВРСКА,СЕИЗМОГРАФ (1989),ГОДИШНИНА
8000,моминска,NORP,1989,1989,ОБВРСКА,СЕИЗМОГРАФ (1989),ГОДИШНИНА
8007,рацин вапцаров,PERSON,1989,1989,ОБВРСКА,СЕИЗМОГРАФ (1989),ГОДИШНИНА
8008,два,CARDINAL,1989,1989,ОБВРСКА,СЕИЗМОГРАФ (1989),ГОДИШНИНА
8024,затре,LOC,1989,1989,ГОДИШНИНА II,СЕИЗМОГРАФ (1989),ГОДИШНИНА
8027,пладне,TIME,1989,1989,ГОДИШНИНА II,СЕИЗМОГРАФ (1989),ГОДИШНИНА
8028,лето,DATE,1989,1989,ГОДИШНИНА II,СЕИЗМОГРАФ (1989),ГОДИШНИНА
8040,витли прашишта,LOC,1989,1989,ПОУКА,СЕИЗМОГРАФ (1989),ГОДИШНИНА
8045,лом,PERSON,1989,1989,ЗЛОСТОРСТВО,СЕИЗМОГРАФ (1989),ГОДИШНИНА
8049,онега,GPE,1989,1989,ЗЛОСТОРСТВО,СЕИЗМОГРАФ (1989),ГОДИШНИНА
8059,мај,DATE,1989,1989,ПРИВРЗАНОСТ,СЕИЗМОГРАФ (1989),ГОДИШНИНА
8076,редум,CARDINAL,1989,1989,СУДБИНА,СЕИЗМОГРАФ (1989),ГОДИШНИНА
8096,ветви,LOC,1989,1989,ЗНАМЕ,СЕИЗМОГРАФ (1989),ГОДИШНИНА
8102,мак,NORP,1989,1989,ДОПИР,СЕИЗМОГРАФ (1989),ГОДИШНИНА
8117,отима,TIME,1989,1989,ПТИЦИ,СЕИЗМОГРАФ (1989),ГОДИШНИНА
8130,денеска,TIME,1989,1989,ОЈ ЛОЗЕНО!,СЕИЗМОГРАФ (1989),ГОДИШНИНА
8142,денеска,TIME,1989,1989,МАКЕДОНСКИ ПОЕТИ,СЕИЗМОГРАФ (1989),ЗАНАЕT
8146,мак,NORP,1989,1989,МАКЕДОНСКИ ПОЕТИ,СЕИЗМОГРАФ (1989),ЗАНАЕT
8168,вангел,GPE,1989,1989,ПЛАДНЕ,СЕИЗМОГРАФ (1989),ЗАНАЕT
8174,двете,CARDINAL,1989,1989,ПЛАДНЕ,СЕИЗМОГРАФ (1989),ЗАНАЕT
8177,капинка,ORG,1989,1989,СЛАВА,СЕИЗМОГРАФ (1989),ЗАНАЕT
8181,две,CARDINAL,1989,1989,СЛАВА,СЕИЗМОГРАФ (1989),ЗАНАЕT
8184,ами,NORP,1989,1989,СЛАВА,СЕИЗМОГРАФ (1989),ЗАНАЕT
8201,охрид,GPE,1989,1989,МАЈКА,СЕИЗМОГРАФ (1989),ЗАНАЕT
8202,штип бостон,GPE,1989,1989,МАЈКА,СЕИЗМОГРАФ (1989),ЗАНАЕT
8217,мак,NORP,1989,1989,КНЕЗ АНДРЕЈ,СЕИЗМОГРАФ (1989),ЗАНАЕT
8226,олцне,GPE,1989,1989,КНЕЗ АНДРЕЈ,СЕИЗМОГРАФ (1989),ЗАНАЕT
8251,ноќе,TIME,1989,1989,СУВО ДРВО,СЕИЗМОГРАФ (1989),ЗАНАЕT
8272,доболи,GPE,1989,1989,ТАГА,СЕИЗМОГРАФ (1989),ЗАНАЕT
8275,потурнат,ORG,1989,1989,ТАГА,СЕИЗМОГРАФ (1989),ЗАНАЕT
8316,опора,GPE,1989,1989,ВАНГЕЛ,СЕИЗМОГРАФ (1989),ЗАНАЕT
8347,спица,GPE,1991,1991,ХОТЕЛИ,НЕБЕСКА РЕКА (1991),НЕБЕСКА РЕКА
8353,овцине,GPE,1991,1991,ХОТЕЛИ,НЕБЕСКА РЕКА (1991),НЕБЕСКА РЕКА
8406,понижиш,PERSON,1991,1991,СТАНУВАЊЕ НОЌЕ,НЕБЕСКА РЕКА (1991),НЕБЕСКА РЕКА
8412,црвец,GPE,1991,1991,ПРЕОБРАЖЕЊЕ,НЕБЕСКА РЕКА (1991),НЕБЕСКА РЕКА
8445,зима,DATE,1991,1991,ТРАЈНОСТ,НЕБЕСКА РЕКА (1991),НЕБЕСКА РЕКА
8465,зима,DATE,1991,1991,НА МОЈОТ БАСТУН,НЕБЕСКА РЕКА (1991),НЕБЕСКА РЕКА
8471,сpоред,PERSON,1991,1991,ЗАБРАНА,НЕБЕСКА РЕКА (1991),НЕБЕСКА РЕКА
8501,омиле,GPE,1991,1991,ЈАСНОСТ,НЕБЕСКА РЕКА (1991),НЕБЕСКА РЕКА
8502,омиле,GPE,1991,1991,ЈАСНОСТ,НЕБЕСКА РЕКА (1991),НЕБЕСКА РЕКА
8503,морен,NORP,1991,1991,ЈАСНОСТ,НЕБЕСКА РЕКА (1991),НЕБЕСКА РЕКА
8525,pриоав,NORP,1991,1991,ЗАЛЕЗ,НЕБЕСКА РЕКА (1991),НЕБЕСКА РЕКА
8526,шtо pриоа,PRODUCT,1991,1991,ЗАЛЕЗ,НЕБЕСКА РЕКА (1991),НЕБЕСКА РЕКА
8527,ваков хмурен ден,LOC,1991,1991,ЗАЛЕЗ,НЕБЕСКА РЕКА (1991),НЕБЕСКА РЕКА
8529,подвлечеш,PERSON,1991,1991,ЗАЛЕЗ,НЕБЕСКА РЕКА (1991),НЕБЕСКА РЕКА
8533,зошtо,PERSON,1991,1991,ПРЕДЕЛА,НЕБЕСКА РЕКА (1991),НЕБЕСКА РЕКА
8533,шtо,DATE,1991,1991,ПРЕДЕЛА,НЕБЕСКА РЕКА (1991),НЕБЕСКА РЕКА
8542,мак,NORP,1991,1991,ПРЕДЕЛА,НЕБЕСКА РЕКА (1991),НЕБЕСКА РЕКА
8556,издишка,NORP,1991,1991,ВНАТРЕШЕН ДИЈАЛОГ,НЕБЕСКА РЕКА (1991),НЕБЕСКА РЕКА
8571,мај,DATE,1991,1991,НАПУШТЕНОСТ,НЕБЕСКА РЕКА (1991),НЕБЕСКА РЕКА
8573,мак,NORP,1991,1991,НАПУШТЕНОСТ,НЕБЕСКА РЕКА (1991),НЕБЕСКА РЕКА
8590,исплакав,NORP,1991,1991,ЈАСНИК,НЕБЕСКА РЕКА (1991),НЕБЕСКА РЕКА
8599,мак,NORP,1991,1991,ЈАСНИК,НЕБЕСКА РЕКА (1991),НЕБЕСКА РЕКА
8605,полноќ,CARDINAL,1991,1991,ТЕМЕЛ,НЕБЕСКА РЕКА (1991),НЕБЕСКА РЕКА
8611,брцне,GPE,1991,1991,ПРЕОБРАЗБА,НЕБЕСКА РЕКА (1991),НЕБЕСКА РЕКА
8617,сtар,GPE,1991,1991,ПРЕОБРАЗБА,НЕБЕСКА РЕКА (1991),НЕБЕСКА РЕКА
8625,ширен,GPE,1991,1991,ЖИВОТОТ,НЕБЕСКА РЕКА (1991),НЕБЕСКА РЕКА
8629,штук,GPE,1991,1991,ЖИВОТОТ,НЕБЕСКА РЕКА (1991),НЕБЕСКА РЕКА
8646,небо,CARDINAL,1991,1991,ПРОЛЕТ,НЕБЕСКА РЕКА (1991),НЕБЕСКА РЕКА
8691,штира,PERSON,1991,1991,ГРАД,НЕБЕСКА РЕКА (1991),НЕБЕСКА РЕКА
8696,маgлина,GPE,1991,1991,ГРАД,НЕБЕСКА РЕКА (1991),НЕБЕСКА РЕКА
8704,стопило,PERSON,1991,1991,ГНЕВ,НЕБЕСКА РЕКА (1991),НЕБЕСКА РЕКА
8710,водје,GPE,1991,1991,ГНЕВ,НЕБЕСКА РЕКА (1991),НЕБЕСКА РЕКА
8731,сен,PERSON,1991,1991,УСПОКОЈУВАЊЕ,НЕБЕСКА РЕКА (1991),НЕБЕСКА РЕКА
8741,едно,CARDINAL,1991,1991,ПРОЦЕП,НЕБЕСКА РЕКА (1991),НЕБЕСКА РЕКА
8748,век,QUANTITY,1991,1991,ПРОЦЕП,НЕБЕСКА РЕКА (1991),НЕБЕСКА РЕКА
8750,крвожеден,PERSON,1991,1991,ПРОЦЕП,НЕБЕСКА РЕКА (1991),НЕБЕСКА РЕКА
8794,мак,NORP,1991,1991,ДОЈРАНСКА ЕЛЕГИЈА,НЕБЕСКА РЕКА (1991),ДОЈРАНСКА ЕЛЕGИЈА
8812,крикне,GPE,1991,1991,ДОЈРАНСКА ЕЛЕГИЈА,НЕБЕСКА РЕКА (1991),ДОЈРАНСКА ЕЛЕGИЈА
8821,мак,NORP,1991,1991,ДОЈРАНСКА ЕЛЕГИЈА,НЕБЕСКА РЕКА (1991),ДОЈРАНСКА ЕЛЕGИЈА
8843,штрекам негде зора,DATE,1991,1991,ДОЈРАНСКА ЕЛЕГИЈА,НЕБЕСКА РЕКА (1991),ДОЈРАНСКА ЕЛЕGИЈА
8865,закон век,DATE,1991,1991,ДОЈРАНСКА ЕЛЕГИЈА,НЕБЕСКА РЕКА (1991),ДОЈРАНСКА ЕЛЕGИЈА
8866,прилеп,GPE,1991,1991,ДОЈРАНСКА ЕЛЕГИЈА,НЕБЕСКА РЕКА (1991),ДОЈРАНСКА ЕЛЕGИЈА
8871,брдце,PERSON,1991,1991,ДОЈРАНСКА ЕЛЕГИЈА,НЕБЕСКА РЕКА (1991),ДОЈРАНСКА ЕЛЕGИЈА
8881,шушкав,GPE,1991,1991,ДОЈРАНСКА ЕЛЕГИЈА,НЕБЕСКА РЕКА (1991),ДОЈРАНСКА ЕЛЕGИЈА
8889,ноќта,TIME,1991,1991,ДОЈРАНСКА ЕЛЕГИЈА,НЕБЕСКА РЕКА (1991),ДОЈРАНСКА ЕЛЕGИЈА
8892,сто,CARDINAL,1991,1991,ДОЈРАНСКА ЕЛЕГИЈА,НЕБЕСКА РЕКА (1991),ДОЈРАНСКА ЕЛЕGИЈА
8892,штурците,NORP,1991,1991,ДОЈРАНСКА ЕЛЕГИЈА,НЕБЕСКА РЕКА (1991),ДОЈРАНСКА ЕЛЕGИЈА
8898,набирања,ORDINAL,1991,1991,ДОЈРАНСКА ЕЛЕГИЈА,НЕБЕСКА РЕКА (1991),ДОЈРАНСКА ЕЛЕGИЈА
8921,ѓурѓовденски,PERSON,1991,1991,ДОЈРАНСКА ЕЛЕГИЈА,НЕБЕСКА РЕКА (1991),ДОЈРАНСКА ЕЛЕGИЈА
8923,лула,PERSON,1993,1993,НОВА ГОДИНА 1992,ЦРН ОВЕН (1993),ОTPОР
8927,длабел,NORP,1993,1993,НОВА ГОДИНА 1992,ЦРН ОВЕН (1993),ОTPОР
8928,брег,LOC,1993,1993,НОВА ГОДИНА 1992,ЦРН ОВЕН (1993),ОTPОР
8943,ѕвездочетци,PERSON,1993,1993,НОВА ГОДИНА 1992,ЦРН ОВЕН (1993),ОTPОР
8959,прв,ORDINAL,1993,1993,ПЕСНА ЗА ЦРНИОТ БРАТ,ЦРН ОВЕН (1993),ОTPОР
8968,циникот права креп,LOC,1993,1993,ПЕСНА ЗА ЦРНИОТ БРАТ,ЦРН ОВЕН (1993),ОTPОР
8972,сtар,GPE,1993,1993,ОТПОР,ЦРН ОВЕН (1993),ОTPОР
8973,дрчен,GPE,1993,1993,ОТПОР,ЦРН ОВЕН (1993),ОTPОР
8975,дренка,NORP,1993,1993,ОТПОР,ЦРН ОВЕН (1993),ОTPОР
8984,штири,TIME,1993,1993,МОЛИТВА ЗА УСПОКОЈУВАЊЕ,ЦРН ОВЕН (1993),ОTPОР
8987,есен,DATE,1993,1993,МОЛИТВА ЗА УСПОКОЈУВАЊЕ,ЦРН ОВЕН (1993),ОTPОР
8988,прва,ORDINAL,1993,1993,МОЛИТВА ЗА УСПОКОЈУВАЊЕ,ЦРН ОВЕН (1993),ОTPОР
8996,ука,PERCENT,1993,1993,ПОБУНА,ЦРН ОВЕН (1993),ОTPОР
8998,казанџија,GPE,1993,1993,ПОБУНА,ЦРН ОВЕН (1993),ОTPОР
9001,трети,CARDINAL,1993,1993,ПОБУНА,ЦРН ОВЕН (1993),ОTPОР
9006,испекол,PERSON,1993,1993,ИЗНЕВЕРА,ЦРН ОВЕН (1993),ОTPОР
9012,валканица,PERSON,1993,1993,ИЗНЕВЕРА,ЦРН ОВЕН (1993),ОTPОР
9024,прв,ORDINAL,1993,1993,ХРОНИКА НА ПРИЛЕП,ЦРН ОВЕН (1993),ОTPОР
9033,осоли малце,GPE,1993,1993,СКАКУЛЕЦ,ЦРН ОВЕН (1993),ОTPОР
9034,небо,CARDINAL,1993,1993,СКАКУЛЕЦ,ЦРН ОВЕН (1993),ОTPОР
9061,два нем,DATE,1993,1993,НЕБО,ЦРН ОВЕН (1993),ОTPОР
9093,тиштеле,PERSON,1993,1993,СВЕТИ ПАНТЕЛЕЈМОН,ЦРН ОВЕН (1993),ОTPОР
9095,крепев,PERSON,1993,1993,КАЛЕНДАР,ЦРН ОВЕН (1993),ОTPОР
9113,мај,DATE,1993,1993,ПРИБЕЖИШТЕ,ЦРН ОВЕН (1993),ОTPОР
9120,зачмајан,PERSON,1993,1993,ПРИБЕЖИШТЕ,ЦРН ОВЕН (1993),ОTPОР
9122,чукајдрвец,GPE,1993,1993,ПРИБЕЖИШТЕ,ЦРН ОВЕН (1993),ОTPОР
9126,два,CARDINAL,1993,1993,МРТВА ПРИРОДА,ЦРН ОВЕН (1993),ОTPОР
9138,секавица,GPE,1993,1993,МРТВА ПРИРОДА,ЦРН ОВЕН (1993),ОTPОР
9149,сврдле,GPE,1993,1993,ЏИЏЕ,ЦРН ОВЕН (1993),ОTPОР
9176,еднаш,TIME,1993,1993,ОБРОК,ЦРН ОВЕН (1993),ОTPОР
9214,допрва,ORDINAL,1993,1993,АНТИЧКА ТРАГЕДИЈА,ЦРН ОВЕН (1993),ОTPОР
9219,атанас,NORP,1993,1993,УРНА,ЦРН ОВЕН (1993),ОTPОР
