,Pesna_Broj,Unnamed: 0,Godina_od,Godina_do,Zbirka,Zbirka_broj,Podzbirka,Podzbirka_broj,Pesna_Ime,Pesna,Stih_Broj,Stih,Pesna_eng,Stih_eng,Unnamed: 14,Unnamed: 15
0,1,8945,1993,1993,ЦРН ОВЕН (1993),7,ОTPОР,1,НОВА ГОДИНА 1992,"НОВА ГОДИНА 1992
О мои предци!
Јас ве споменувам
и ви оддавам чест.
Нека се смират вашите души
под праговите и тланиците
што ги напуштил мојот род.
Да тивне подземниот плач!
О вие внуци! Ве благословувам
и ве поздравувам
со збор на блага вест.
Нека ве крепи секаде среќа,
стреловит поглед и цврст од,
вкусете животна слач!
О мои предци! О мои внуци!
Нека прогласува овој час
дека сум распнат меѓу вас.
Посвеtа
(На Коце Солунски за неgовиоt
седумдесеttи роденден – на 30 марt 1992)
О мој врсниче!
Ти мачиш иста мака,
и твојот дух си запилкува вака.",23,и твојот дух си запилкува вака.,"NEW YEAR 1992
O my ancestors!
I mention you
and I honor you.
Let your souls calm down
under thresholds and slabs
that left my family.
Let the underground weeping subside!
Oh you grandchildren! I bless you
and I greet you
with a word of good news.
Good luck everywhere,
arched gaze and firm from,
taste the delicacy of life!
O my ancestors! Oh my grandchildren!
Let him proclaim this hour
that I am crucified among you.
Dedication
(On Koce Solunski for his
seventieth birthday - March 30, 1992)
Oh my peer!
You suffer the same trouble,
and your spirit clings to you like this.",and your spirit clings to you like this.,roared in the dark,
1,2,8952,1993,1993,ЦРН ОВЕН (1993),7,ОTPОР,1,ЛИЧНОСТ,"ЛИЧНОСТ
„О стадо!
Јас не припаѓам кон тебе!“
Така си мисли еден тажен брав
дури со другите овчички
си штрпка тревичка
на лединката.",7,на лединката.,"PERSONALITY
""O flock!
""I do not belong to you!""
That's what a sad lock thinks
even with other sheep
you sniff grass
on the iceberg.",on the iceberg.,,
2,3,8969,1993,1993,ЦРН ОВЕН (1993),7,ОTPОР,1,ПЕСНА ЗА ЦРНИОТ БРАТ,"ПЕСНА ЗА ЦРНИОТ БРАТ
Болен е, болен Црниот Брат,
и како дете паднато в кал
тој сам е таму каде што е,
и кому да му биде жал?
Кон мене крева очи тој,
а нас нè дели океан.
Болен е, болен мојот црн брат,
згрозен е сиот, во себе збран.
О кој ќе крикне!
Јас немам здив, –
ни збор јас имам за утеха,
ниту да кажам кој е крив.
Тој тлее таму зад хоризонтот
како на запад вечерен зрак.
И сè што знам е дека се спушта
меѓу нас уште потемен мрак.",17,меѓу нас уште потемен мрак.,"A SONG FOR THE BLACK BROTHER
He is sick, Black Brother is sick,
and as a child fallen into the mud
he's alone where he is,
and who to feel sorry for?
He raises his eyes to me,
and the ocean divides us.
He is sick, my black brother is sick,
all is disgusted, gathered in itself.
Oh who will scream!
I have no breath, -
I have no word for consolation,
nor to say who is to blame.
It glows there behind the horizon
as in the west evening ray.
And all I know is that it goes down
even darker darkness between us.",even darker darkness between us.,,
3,4,8978,1993,1993,ЦРН ОВЕН (1993),7,ОTPОР,1,ОТПОР,"ОТПОР
Поради силниот збор, макар на непризнат јазик,
сè уште одбирам звуци на македонската лира.
Тоа е мојот штит, рамен на вашата сила,
силници! Зашто гробот со сите и вас ве збира.
Спокојство глумам пред вас дури созвучја барам
или тајновито име негде во нашиот предел.
Тоа е мојот облог во морничавата игра,
тоа е мојата мисла упорно што сум ја следел.",9,тоа е мојата мисла упорно што сум ја следел.,"RESISTANCE
Because of the strong word, even in unrecognized language,
I still choose the sounds of the Macedonian lira.
It is my shield, equal to your strength,
thugs! Because the grave gathers you and everyone.
I act calmly in front of you, I even ask for consonants
or a secret name somewhere in our area.
That's my bet in the eerie game,
it is my thought that I have persistently followed.",it is my thought that I have persistently followed.,,
4,5,8989,1993,1993,ЦРН ОВЕН (1993),7,ОTPОР,1,МОЛИТВА ЗА УСПОКОЈУВАЊЕ,"МОЛИТВА ЗА УСПОКОЈУВАЊЕ
Роб на грдата мисла
пред пакости и злоби,
молитва правам да тивне
гласот што несреќи коби.
Барем во петлени зори
или во глувите доби
нека се смири малку
јанѕата што ме здроби.
Најдете спокојно место
коскиве да ми ги зглоби.",11,коскиве да ми ги зглоби.,"PRAYER FOR REST
A slave to ugly thought
before mischief and malice,
I make a prayer to silence
the voice that crashes Kobe.
At least at rooster dawn
or in the deaf got
let it cool down a bit
the janza that crushed me.
Find a quiet place
to joint my bones.",to joint my bones.,,
5,6,9002,1993,1993,ЦРН ОВЕН (1993),7,ОTPОР,1,ПОБУНА,"ПОБУНА
Мислев дека сум смирен пред сите загуби земни
и дека спокојно може и крајот да се чека,
а сега од сон се штрекам негде во зорите темни,
некаква улава болка и тага од сон ме штрека.
Поарно што го снема тоа што чудесно било
и како обичен привид пред очиве што згасна, –
па кренав пред тебе раце, слепа и сурова сило,
кога ме поваса сосем и в ништожност ме пласна.
Па зошто сонот сега со мене како да спори?
Зар загубеното било сепак пред Господа свето?
Духот се предава буден, а на сон уште се бори,
затоа олкава тага, и боли затоа сето.",13,"затоа олкава тага, и боли затоа сето.","REBELLION
I thought I was calm before all the earthly losses
and that the end can be calmly awaited,
and now from a dream I wake up somewhere in the dark dawns,
some catchy pain and sadness from a dream startled me.
The sooner the miraculous disappeared
and as an ordinary illusion before the eyes that faded, -
so I raised my hands before you, blind and cruel force,
when it completely covered me and threw me into nothingness.
So why does the dream now seem to argue with me?
Was what was lost still holy before the Lord?
The spirit surrenders awake, and in a dream still struggles,
that's why so much sadness, and that's why everything hurts.","that's why so much sadness, and that's why everything hurts.",a flame flashed in the eyes of manhood,
6,7,9015,1993,1993,ЦРН ОВЕН (1993),7,ОTPОР,1,ИЗНЕВЕРА,"ИЗНЕВЕРА
Срцето замре целото –
немало надокрај милост.
Духот го презре телото,
зашто се грози од гнилост.
В прашиште со влечугите,
од себе човек се срами.
Баравме љубов од другите,
а се напуштаме сами.
Кој да ја сети мерата,
кој да го погоди лекот,
штом докрај изневерата
значела закон на векот?",13,значела закон на векот?,"BETRAYAL
The heart died whole -
there was no mercy to the end.
The spirit despises the body,
for they are terrified of rot.
In the dust with reptiles,
one is ashamed of oneself.
We sought love from others,
and we leave ourselves alone.
Who will remember the measure,
who to hit the drug,
as soon as the betrayal is complete
meant the law of the century?",meant the law of the century?,the only one,
7,8,9027,1993,1993,ЦРН ОВЕН (1993),7,ОTPОР,1,ХРОНИКА НА ПРИЛЕП,"ХРОНИКА НА ПРИЛЕП
Останавте по патот,
наши другари и браќа,
било кај Тројаци, било кај Никодин,
или на Мукос, или на Прилепец,
на Песјо Брдце, и каде не, –
испраќајќи нè
како со смешка на усните
пред да склопите очи
и следејќи нè
упорно
сè довде.",12,сè довде.,"CHRONICLE OF PRILEP
You stayed on the road,
our friends and brothers,
either with the Trojans, or with Nicodemus,
or Mukos, or Prilepec,
of Pesjo Brdce, and where not, -
sending us
as with a smile on his lips
before closing your eyes
and following us
persistently
everything here.",everything here.,without being transformed,
8,9,9045,1993,1993,ЦРН ОВЕН (1993),7,ОTPОР,1,СКАКУЛЕЦ,"СКАКУЛЕЦ
Жител на тревата,
се суши со секое тревче.
Шушкав,
влече скокот
по меко мевче.
Пулоок,
секогаш опнат за скок
како остра стреличка
на ситен сончев лак.
Каква напрегнатост на коленцата!
И пак, и пак!
Ноќта ја прекрива проѕирката,
свилата на кожурците.
Тој
скукулен
ѕуни, со сто струни, од свирката на штурците.
А зошто сето тоа?",18,А зошто сето тоа?,"GRASSHOPPER
Grass inhabitant,
dry with each herb.
Whisper,
pulls the jump
after a soft bell.
Pool,
always open to jump
like a sharp arrow
on a small sun arc.
What a strain on the knees!
And again, and again!
The night covers the view,
the silk of the cocoons.
He
sciatic
zuni, with a hundred strings, from the crickets' whistle.
And why all this?",And why all this?,,
9,10,9075,1993,1993,ЦРН ОВЕН (1993),7,ОTPОР,1,НЕБО,"НЕБО
Го приближуваме
да ни се причини дека е тука, пред нас, на дофат,
дека го имаме веќе под замижаните клепки –
со сите неусетни преливи и набирања,
со белите, негде-годе, облачиња
и со поработ врз планините.
Но тоа се кренало уште повисоко.
Мали се кубињата на нашите храмови
да го обгрнат во својот преграб,
ништожни спрема својата замисла,
што фрлила мрежа во воздушниот океан
а собрала од него колку што може грст да збере.
Ниски се олтарите по планинските висови,
ниски се минарињата и на султанските џамии,
да му се доближат нашите зборови.
Поарно, затоа, да тивнат молитвите без глас
долу в срце.
Осудени да бидеме постојано пред него
како пред огледало без одраз на нашиот лик, –
неговите промени
во знаци на својата судбина ги претвораме.
Страшен е молкот,
а наслушуваме порака.
Принудени сме, пред неговото величие,
да си придаваме дури и самите себеси важност,
а заправо
како на ѓурѓовденски нишалки
на неговите невидливи бранови им се предаваме
да нè лулаат и да нè носат незнајно каде.",30,да нè лулаат и да нè носат незнајно каде.,"SKY
We are approaching him
to reason that he is here, in front of us, within reach,
that we already have it under the eyelids -
with all the unconscious dressings and creases,
with white, somewhere, clouds
and by working on the mountains.
But it rose even higher.
The domes of our temples are small
to hug him in their arms,
insignificant to their idea,
which threw a net into the air ocean
and collected from him as much as a handful could gather.
The altars on the mountain heights are low,
the minarets of the sultan's mosques are also low,
to bring our words closer to him.
Therefore, let the silent prayers be silenced
down in the heart.
Doomed to be constantly in front of him
like in front of a mirror without reflecting our face, -
its changes
we turn them into signs of our destiny.
The silence is terrible,
and we hear a message.
We are forced, before His Majesty,
to attach importance even to ourselves,
and in fact
as on St. George's Day swings
we surrender to its invisible waves
to rock us and carry us unknown where.",to rock us and carry us unknown where.,,
10,11,9080,1993,1993,ЦРН ОВЕН (1993),7,ОTPОР,1,БУДЕЊЕ,"БУДЕЊЕ
Се засолна невиден некој
што саноќ ме држел во стег.
И ноќеска чемерот длабел –
навалува подлокан брег.",5,навалува подлокан брег.,"AWAKENING
An unseen person took refuge
which held me tight last night.
And tonight the melancholy deep -
tilts a paved shore.",tilts a paved shore.,,
11,12,9083,1993,1993,ЦРН ОВЕН (1993),7,ОTPОР,1,СПОРЕД А. С. ПУШКИН,"СПОРЕД А. С. ПУШКИН
Не дај, Боже, од ум да се шекнам.
Дај ми, Боже, да скипнам, да секнам.",3,"Дај ми, Боже, да скипнам, да секнам.","ACCORDING TO A. С. PUSHKIN
God forbid that I should be shocked.
Give me, God, to squat, to dry.","Give me, God, to squat, to dry.",to the land that fed him, -
12,13,9093,1993,1993,ЦРН ОВЕН (1993),7,ОTPОР,1,СВЕТИ ПАНТЕЛЕЈМОН,"СВЕТИ ПАНТЕЛЕЈМОН
Прво се јавија гугучки
заедно со врапчињата,
а сега ова пиленце
што прави: цип, цип, цип!
Гугање. Плипот. Кркот.
Денеска ластовиците
ќе застанат на жиците,
со празнично црцорење
да го испратат штркот.",10,да го испратат штркот.,"SAINT PANTHELEMON
The doves appeared first
along with sparrows,
and now this chick
what does it do: zip, zip, zip!
Whining. Plipot. The crunch.
Today the swallows
will stand on the wires,
with festive chirping
to send the stork.",to send the stork.,,
13,14,9106,1993,1993,ЦРН ОВЕН (1993),7,ОTPОР,1,КАЛЕНДАР,"КАЛЕНДАР
Не како древните ѕвездочетци
загледани верно во ноќните длабочини на небото,
темни и привлечни, тајни и вечни, –
ние
само по неверните трепети на своите срца
прогласуваме љубовни сведни,
придавајќи им значење.
Произволен и измамен е таквиот календар!
Место величие,
испокинати спомени
и дури презир и омраза
будат во нас тие измислени празници.",13,будат во нас тие измислени празници.,"CALENDAR
Not like the ancient starfish
staring faithfully into the night depths of the sky,
dark and attractive, secret and eternal, -
we
only after the unfaithful trembling of their hearts
we declare love reduced,
attaching importance to them.
Such a calendar is arbitrary and deceptive!
A place of greatness,
torn memories
and even contempt and hatred
those imaginary holidays awaken in us.",those imaginary holidays awaken in us.,,
14,15,9122,1993,1993,ЦРН ОВЕН (1993),7,ОTPОР,1,ПРИБЕЖИШТЕ,"ПРИБЕЖИШТЕ
(На tерасаtа кај Ивана во Сtар Дојран)
Во ова исто време, додека денот се гаси,
седиме неколку души овдека секоја вечер,
чекаме првото ветре свежеста да ја спаси,
а веќе редот се знае што може сè да се рече.
Па молкот затоа како повеќе за нас да значи; –
тогаш занесено човек своите мисли ги следи.
Молчиме ние за тоа најмногу што нè мачи,
како по договор верен секој секого штеди.
Отстрана потсмешлив злобник може дури да смета
дека нè исфрлил бранот на засолнативе места
нас, бродоломници бедни и плен на староста клета.
Но нема циникот право, – се крепи упорно честа,
со глас од младоста наша, врз една порака света.
И кога очај нè ништи, тој глас е жив во свеста.",16,"И кога очај нè ништи, тој глас е жив во свеста.","SANCTUARY
(On the terrace near Ivana in Star Dojran)
At this same time, as the day goes out,
we have a few souls sitting here every night,
we are waiting for the first wind to save the fresh air,
and already the order knows what can be said.
So silence therefore seems to mean more to us; -
then a man eagerly follows his thoughts.
We are silent about what bothers us the most,
as by agreement faithful everyone saves everyone.
A ridiculous villain on the side can even count
that the wave threw us out of the sheltered places
us, wretched shipwrecked and spoiled old age.
But the cynic is not right, - the honor persistently rises,
with the voice of our youth, on a message shines.
And when despair destroys us, that voice is alive in consciousness.","And when despair destroys us, that voice is alive in consciousness.",So silence therefore seems to mean more to us, -
15,16,9138,1993,1993,ЦРН ОВЕН (1993),7,ОTPОР,1,МРТВА ПРИРОДА,"МРТВА ПРИРОДА
(На tерасаtа кај Коцеtа во Сtар Дојран)
Чашата веќе е празна, зашто гостинот дрчен
го испи виното веднаш и на маса ја кладе.
Пред него зрели дренки нуди послужавник срчен,
и јаболка полн ваган домаќинот му даде.
Сега и кафето стаса, баш навреме се свари,
од порцелански филџан пареа лека се крева.
Па еден спроти друг еве седат другарите стари,
тихо е, нема врапци да кренат џагор и врева.
Во чист августовски воздух трепери оваа слика,
и една длабока сенка над неа свежина шири,
и благо спокојство како од секој агол да блика.
О зошто не е така! И зошто само штири
дни напред да нè водат до крајот што нè вика?
Ни привид веќе да нема за душа да ни смири!",16,Ни привид веќе да нема за душа да ни смири!,"STILL LIFE
(On the terrace near Koceta in Star Dojran)
The glass is already empty, because the guest is stubborn
drank the wine immediately and put it on the table.
In front of him ripe dogwood offers a hearty tray,
and apples full wagon host gave him.
Now the coffee has arrived, it was brewed just in time,
from a porcelain cup steam lightly rises.
Well, opposite the old friends are sitting opposite each other,
it is quiet, no sparrows to make a fuss.
This picture trembles in the fresh August air,
and a deep shadow over it spreads freshness,
and a slight serenity as if gushing from every angle.
Oh why not! And why only shields
days ahead to lead us to the end that calls us?
Not even an illusion will calm our souls anymore!",Not even an illusion will calm our souls anymore!,,
16,17,9145,1993,1993,ЦРН ОВЕН (1993),7,ОTPОР,1,ПОЧЕТОК НА ЕСЕНТА,"ПОЧЕТОК НА ЕСЕНТА
На прва есен знаците:
нејасни сенки на друмот,
нејасен трепет на зраците,
нејасен шепот во шумот,
нејасен жал на облаците,
нејасни слики во умот.",7,нејасни слики во умот.,"BEGINNING OF AUTUMN
On the first autumn the signs:
fuzzy shadows on the road,
fuzzy flicker of rays,
a faint whisper in the noise,
vague pity on the clouds,
blurred images in the mind.",blurred images in the mind.,,
17,18,9171,1993,1993,ЦРН ОВЕН (1993),7,ОTPОР,1,ЏИЏЕ,"ЏИЏЕ
Мнозина има занаетчии,
секој спрема својата ука.
Едни
абаџии, казанџии, кондураџии,
други
ковачи, сарачи, крпачи,
трети
златари, столари, колари,
клинчари, опинчари, копаничари,
и што ти не, и какви не чуда.
Но меѓу нив разликувај џинови од џуџиња!
Занаетот го испекол докрај само тој
што умее да направи и џиџиња.
А кога некој батак ќе се сети
дека на светов има и поети,
тој од нив бара да станат
скудоумни апологети:
неговите валканици да се забошотат,
како со кадеж од темјан, со песни од хорови.
О браќа, не давајте се!
Поарно правете џиџиња од зборови!
Секој добар мајстор има право на џиџе
дури и во злодоба,
кога лошотијата ги надвишила
Кајмакчалан со Ниџе.",26,Кајмакчалан со Ниџе.,"JITZE
Many have craftsmen,
each according to his teaching.
One
abadjii, kazanji, konduradzii,
others
blacksmiths, scavengers, clothiers,
third
goldsmiths, carpenters, carpenters,
clinkers, pinchers, woodcarvers,
and what you do not, and what miracles.
But distinguish between dragons and elves!
Only he completely baked the craft
what giants can do.
And when a drummer remembers
that there are poets in the world,
he asks them to get up
scuddog apologists:
to defile his filth,
as with incense burners, with choir songs.
Brothers, do not give up!
Make jigsaws out of words sooner!
Every good master has the right to be a dwarf
even in wickedness,
when evil overtook them
Kajmakchalan with Nidze.",Kajmakchalan with Nidze.,,
18,19,9191,1993,1993,ЦРН ОВЕН (1993),7,ОTPОР,1,ОБРОК,"ОБРОК
Ова чаше домашна ракија
што фаќа синџир по крајот
бистра а искреста
да те стресе при првата голтка;
оваа пиперка,
само малку заруменета при врвот,
рускава под забите;
овој патлиџан црвен и сочен,
а уште цврст,
и, најпосле, ова бело сиренце,
слачно при џвакање
со корка лебец,
да ти се осоли малце плунката и душата –
имај ги како дарови од небото
за денешниот ден,
и искажи благодарност со нечујна помисла.
Можеби и утре те чека ваква наклоност.
Зошто да не?
Никогаш не се знае.",20,Никогаш не се знае.,"BREAKFAST
This glass of homemade brandy
which catches the chain at the end
clear and sparkling
to shake you during the first sip;
this pepper,
only slightly reddened at the top,
blond under the teeth;
this eggplant red and juicy,
and still solid,
and, finally, this white cheese,
sweet when chewing
with a crust of bread,
to salivate your saliva and soul a little -
have them as gifts from heaven
for today,
and express gratitude with an inaudible thought.
Maybe such affection awaits you tomorrow as well.
Why not?
You never know.",You never know.,blond under the teeth,
19,20,9202,1993,1993,ЦРН ОВЕН (1993),7,ОTPОР,1,ЧАША ЧАЈ,"ЧАША ЧАЈ
Крчка канчето со вода на шпоретот,
уште малку да зоврие.
Кесичката со чај чека веќе во чашата.
Ајде кажи дека тоа не е важно!
О претчувство на топлина
по старите дамари,
сè до срцето,
до левата страна на градите,
како спомен од одамнешна љубовна возбуда!
Ајде да си лишен и од тоа!",11,Ајде да си лишен и од тоа!,"A CUP OF TEA
Simmer the jug with water on the stove,
to boil a little more.
The tea bag is already waiting in the cup.
Let's just say it doesn't matter!
O premonition of heat
after the old veins,
to the heart,
to the left side of the chest,
as a memory of long ago love excitement!
Let yourself be deprived of that too!",Let yourself be deprived of that too!,,
20,21,9211,1993,1993,ЦРН ОВЕН (1993),7,ОTPОР,1,ВНАТРЕШЕН ВИД,"ВНАТРЕШЕН ВИД
Како за себе реков дека видот
ми е уништен.
Но таа слушнала
и побрза да ме утеши:
„Затоа ќе се изостри
твојот внатрешен вид“.
Веднаш сфатив дека е веќе
рамнодушна.",9,рамнодушна.,"INTERNAL TYPE
As for myself I said that type
it has been destroyed.
But she heard
and hurried to comfort me:
""That is why it will sharpen.""
your inner vision. ""
I immediately realized that it was already
indifferent.",indifferent.,,
21,22,9216,1993,1993,ЦРН ОВЕН (1993),7,ОTPОР,1,АНТИЧКА ТРАГЕДИЈА,"АНТИЧКА ТРАГЕДИЈА
Студена сенка на сцената.
Сам пред два неми кумира.
Tолку ја мразам промената!
А дошло да се умира.",5,А дошло да се умира.,"ANCIENT TRAGEDY
Cold shadow on the stage.
Alone in front of two dumb idols.
I hate change so much!
And he came to die.",And he came to die.,,
22,23,9221,1993,1993,ЦРН ОВЕН (1993),7,ОTPОР,1,УРНА,"УРНА
Ја склопив десната дланка
и стискам јако, цврсто,
како својата пепел
да сум ја собрал во грстот.",5,да сум ја собрал во грстот.,"URNA
I folded my right palm
and I squeeze hard, firmly,
like its ashes
to have gathered her in a handful.",to have gathered her in a handful.,,
23,24,9226,1993,1993,ЦРН ОВЕН (1993),7,ОTPОР,1,ИСПУСТЕНИ,"ИСПУСТЕНИ
Две скукулени тела.
Две наведени чела.
Два молка.
А иста болка.",5,А иста болка.,"DISAPPOINTED
Two sculpted bodies.
Two listed foreheads.
Two silences.
And the same pain.",And the same pain.,,
24,25,9238,1993,1993,ЦРН ОВЕН (1993),7,ОTPОР,1,ШАР ПЛАНИНА,"ШАР ПЛАНИНА
И во идниот живот ќе те носам тебе
во погледот,
снежен Љуботенски вису,
зашто се плашам,
можеби безрасудно,
дека никој веќе нема да ја сети
во целата вечност
олку остро оваа бела убавина
како мене сега
во сончев неделен ден
во светиниколскиот месец.",12,во светиниколскиот месец.,"SHAR MOUNTAIN
I will carry you in the next life as well
in view,
snowy Ljubotenski visu,
because I'm afraid,
perhaps unreasonably,
that no one will remember her anymore
throughout eternity
so sharply this white beauty
like me now
on a sunny Sunday
in the month of St. Nicholas.",in the month of St. Nicholas.,I would see Struga in blue fog,
25,26,9247,1993,1993,ЦРН ОВЕН (1993),7,ОTPОР,1,СЕЌАВАЊЕ ЗА ТАТКОТО,"СЕЌАВАЊЕ ЗА ТАТКОТО
Колку е тешко да те следам, татко!
Да не пуштиш ни глас за болката,
а толку те болело!
Да не кажеш ниту збор за маките,
за немошта,
за грижите,
за горчилата –
а толку тиштеле!",9,а толку тиштеле!,"REMEMBERING THE FATHER
How difficult it is for me to follow you, father!
Do not even voice your pain,
and it hurt so much!
Not to mention a word about suffering,
for helplessness,
for worries,
for bitterness -
and they cried so much!",and they cried so much!,,
26,27,9263,1993,1993,ЦРН ОВЕН (1993),7,ОTPОР,1,НА ПРИЈАТЕЛИТЕ,"НА ПРИЈАТЕЛИТЕ
Со вас се крепев.
Тука сме. При крајот.
Па сега ли да ве потурнам,
на работ,
заради маните,
заради грешките,
за сè штo излегло неубаво?
Не!
Јас ви проштевaм
секоја слабост
и притворност,
дури пресметливост,
дури изневера, –
за да си простам и самиот себе
за една мера на човечка љубов.",16,за една мера на човечка љубов.,"TO FRIENDS
I strengthened with you.
Here we are. At the end.
Shall I push you now,
on the edge,
because of the flaws,
due to mistakes,
for everything that turned out badly?
No!
I forgive you
any weakness
and detention,
even calculus,
even betrayed, -
to forgive myself
for a measure of human love.",for a measure of human love.,,
27,28,9275,1993,1993,ЦРН ОВЕН (1993),7,ОTPОР,1,ОБНОВА,"ОБНОВА
Отворете прозорци.
Oтворете врати.
Да влезе свеж воздух.
Доведете млада мајка.
Доведете машко дете.
Нека го крене в раце.
Нека го прошета од соба в соба
низ сева куќа.
Да влезе живот,
како свеж воздух,
во секој зачмајан агол.",12,во секој зачмајан агол.,"RENEWAL
Open windows.
Open doors.
Let fresh air in.
Bring a young mother.
Bring a boy.
Let him lift it in his hands.
Let him walk from room to room
throughout the house.
To enter life,
like fresh air,
in every stagnant corner.",in every stagnant corner.,,
28,29,9288,1993,1993,ЦРН ОВЕН (1993),7,ОTPОР,1,КЛУКАЈДРВЕЦ,"КЛУКАЈДРВЕЦ
Клукајдрвец! Чукајдрвец!
Ковачева ука:
да чука, да клука
на висока бука.
Помеѓу два звука
слуша тој што чука:
овде звучи мазно,
овде звучи празно,
а шумата цела се одѕива разно.
Чукај чукајдрвче! Чукај клукајдрвче!
На клепало крвче,
во клунчето црвче.",13,во клунчето црвче.,"WOODPECKER
Woodpecker! Chukajdrvec!
Kovacheva taught:
to knock, to knock
at high noise.
Between two sounds
he hears the knocker:
sounds smooth here,
sounds empty here,
and the whole forest responds differently.
Knock, knock! Knock the woodpecker!
On stagnant blood,
in the beak of a worm.",in the beak of a worm.,,
29,30,9306,1993,1993,ЦРН ОВЕН (1993),7,ОTPОР,1,СОКОЛ,"СОКОЛ
Право од небеси
се раѓа,
косо паѓа,
сива секавица,
и пак се крева косо
како брза стрела
што се погаѓа
сама себеси
самата едноврeмено
и убод и птица.
Полет, не тело!
Сè сосем цело.
Сè стишно.
Ништо лишно!
Сврдле од око.
Раскрилен сокол,
сив сокол на небо вишно.",18,сив сокол на небо вишно.,"FALCON
Right from the heavens
is born,
falls obliquely,
gray lightning,
and rises obliquely again
like a fast arrow
which is guessed
herself
itself at one time
and sting and bird.
Flight, not body!
Everything completely.
Everything is quiet.
Nothing deprived!
They rolled their eyes.
Winged Falcon,
gray falcon in the sky cherry.",gray falcon in the sky cherry.,and a sweet jump on the hard bark,
30,31,9314,1993,1993,ЦРН ОВЕН (1993),7,ОTPОР,1,ПРЕТХОДНИЦА,"ПРЕТХОДНИЦА
Не барам збор за ова што ни се случува.
Речи го: предавство, лудост, гадост, нискост.
Секој ќе плати за својот бес.
Пустошот што те чека
јас веќе го доживеав.
Не бој се. Не е страшно.
На крајот сеќаваш дури жал и блискост.",8,На крајот сеќаваш дури жал и блискост.,"PREVIOUS
I am not looking for a word about what is happening to us.
Say it: betrayal, madness, abomination, lowliness.
Everyone will pay for their rage.
The desolation that awaits you
I have already experienced it.
Do not be afraid. It's not scary.
In the end you even remember sorrow and closeness.",In the end you even remember sorrow and closeness.,,
31,32,9328,1993,1993,ЦРН ОВЕН (1993),7,ОTPОР,1,ПОМИРЕНОСТ,"ПОМИРЕНОСТ
Што ми следува сега,
што ми припаѓа уште,
не можам сам да решам,
како да зашол умов, –
кажете за мене вие,
согласен сум со сè,
со сè задоволен:
дури со малку сонце
што плеќите ги топли
во ваков пролетен ден;
дури со повев на ветре
во расцутените гранки,
по мирис насетен.",14,по мирис насетен.,"RECONCILIATION
What happens to me now,
which still belongs to me,
I can not decide on my own,
as if he had lost his mind, -
tell me about yourself,
I agree with everything,
satisfied with everything:
even with a little sun
which warms the shoulders
on such a spring day;
even with a breeze
in the blossoming branches,
by smell sensed.",by smell sensed.,on such a spring day,
32,33,9348,1993,1993,ЦРН ОВЕН (1993),7,ОTPОР,1,ПЛАЧ НА СТАРИЦА,"ПЛАЧ НА СТАРИЦА
1. Клетва
Боже, што не ме зеде веќе еднаш?
До кога ова мачење?
Зар не слушаш молби и плачки до небеси?
Ме страв
да не те фати од нив, недај Боже,
некоја моја грда клетва
во зол час.
Господ да чува и брани од грев!
2. Разговор со Бога
Старата рече:
Оф, Господи!
Зошто сум уште, натемà ме?
Зошто ме оставаш олку да се мачам?
А Господ рече:
Те оставам
за да ја разбереш поубаво смртта –
како нешто добро,
а не само страшно.",20,а не само страшно.,"THE CRY OF THE OLD WOMAN
1. Curse
God, why didn't you take me once?
Until when is this torture?
Do you not hear prayers and cries to heaven?
Fear me
not to be caught by them, God forbid,
some of my ugly curses
in an evil hour.
May God protect and defend against sin!
2. Conversation with God
The old woman said:
Oh, Lord!
Why am I still, darken me?
Why do you leave me so much trouble?
And the Lord said:
I am leaving you
to better understand death -
as something good,
and not just scary.",and not just scary.,,
33,34,9364,1993,1993,ЦРН ОВЕН (1993),7,ОTPОР,1,ЧУВАРИ,"ЧУВАРИ
Вие што го чувате споменот на мојата младост,
на мојот занес, на мојата смеа,
на мојот понесен збор,
знајте:
понекогаш сум толку жеден за вашата рака!
И ми се чини дека од само еден допир,
мек и мигновен,
сè би минало што ме боли,
би се сталожило,
и би здивнала мојата душа.
Но сепак стојте кајшто сте се нашле,
да не се видиме пак!
Ваша должност нека остане
да не се наруши споменот каков сум бил.
Ништо друго!",16,Ништо друго!,"GUARDS
You who keep the memory of my youth,
to my ecstasy, to my laughter,
to my carried word,
know:
sometimes I'm so thirsty for your hand!
And it seems to me that from just one touch,
soft and instantaneous,
everything that hurts would pass,
would settle down,
and my soul would breathe.
But still stand where you are,
let's not see each other again!
Let it be your duty
not to disturb the memory of what I was like.
Nothing else!",Nothing else!,,
34,35,9373,1993,1993,ЦРН ОВЕН (1993),7,ОTPОР,1,УПЛАВ,"УПЛАВ
Светка, змиски, мраз по улиците.
Снегот од кровови обвиснува
во мразулци. А што ни смислува
ќе кажат допрва капавиците.
Маглата гризе до утробата.
Ни мрзнат белите дробови.
Нè стега в пранги, како робови,
зимскиот уплав и прокобата.",9,зимскиот уплав и прокобата.,"FRIGHT
Light, snakes, ice on the streets.
The snow from the roofs envelops
in icicles. And what does he mean to us
the caps will say yet.
The fog bites into the womb.
Our lungs are frozen.
He binds us in chains, like slaves,
the winter rains and the siege.",the winter rains and the siege.,,
35,36,9383,1993,1993,ЦРН ОВЕН (1993),7,ОTPОР,1,СПРОТИ СВЕТИ АТАНАС 1993,"СПРОТИ СВЕТИ АТАНАС 1993
Зимски дену,
ми носиш црна вест!
Смртта чука со средниот прст
на нашата порта.
Како да се поништи ужасот
со тоа што човек
не може да го сфати?
Проклета слабост да се зборне.
Поживинченост, ако молчиш.",10,"Поживинченост, ако молчиш.","OPPOSITE SAINT ATANAS 1993
Winter day,
you bring me black news!
Death knocks with the middle finger
at our gate.
How to undo the horror
by being a man
can not understand it?
Damn weakness to speak.
Liveliness, if you are silent.","Liveliness, if you are silent.",,
36,37,6887,1988,1988,ЦРКВА (1988),3,ЦРКВА (1988),1,РАСЦЕП,"РАСЦЕП
Мојот сон е во расчекор
со моето јаве.
Што на јаве мислам,
сонот го ништи.
Како да живеам раздвоен?
На јаве мислам дека нешто значам,
сонот ми вели – не!
и ми се потсмева цинично.
А како да се држам до тоа,
и притоа да бидам сериозен,
да се држам до тоа
што ми го шепина сонот
како суштествено?",14,како суштествено?,"CRACK
My dream is in disarray
with my call.
What I mean in reality,
he destroys the dream.
How do I live apart?
In reality I think I mean something,
the dream tells me - no!
and he laughs at me cynically.
And how do I stick to that,
and to be serious,
to stick to it
which whispered my dream
how essential?

",how essential?,,
37,38,6896,1988,1988,ЦРКВА (1988),3,ЦРКВА (1988),1,МИГ,"МИГ
Изгаснато е огништето.
Цврчи уште само едно жарче,
по крајот ронка по ронка
по него се фаќа пепел.
О колку е предвидлива онаа рака
што токму во задниот миг
се наднесува над него
да сети топлина!",9,да сети топлина!,"BLINK
The hearth is off.
Only one more fire is burning,
after crumb after crumb
ash is rubbed on it.
Oh how predictable that hand is
which exactly at the last moment
is raised above it
to feel the heat!",to feel the heat!,,
38,39,6908,1988,1988,ЦРКВА (1988),3,ЦРКВА (1988),1,СУВО ДРВО,"СУВО ДРВО
Дрвото ги шири гранките
како раце
за преграб.
Но тоа е само навидум
пречекливо.
Нема веќе сок во него,
животот гасне
и сè полабава е врската
меѓу кората и стеблото.
Само зимата сè уште прикрива
дека тоа нема да пушти лист.",12,дека тоа нема да пушти лист.,"DRY TREE
The tree spreads its branches
like hands
for a hug.
But that is only seemingly
welcome.
There is no more juice in it,
life goes out
and the connection is getting looser
between the bark and the stem.
Only winter is still hiding
that it will not release a leaf.",that it will not release a leaf.,,
39,40,6926,1988,1988,ЦРКВА (1988),3,ЦРКВА (1988),1,СТАРЦИ,"СТАРЦИ
Ние сега радо би се виделе,
крвни непријатели
цел живот,
и молкум би признале,
без да мислиме на принципите,
дека сепак
не било толку важно
тоа за што сме се колеле
со заби,
и дека умираме
и едните и другите,
неуверени и неуверливи,
истоштени и слаби.
А сепак
со здивен пискот
сè уште сме готови да давиме,
иако ни е премален стискот.",18,иако ни е премален стискот.,"ELDERS
We'd love to see you now,
blood enemies
whole life,
and would tacitly admit,
without thinking about the principles,
that however
it was not that important
what we slaughtered for
with teeth,
and that we are dying
both of them,
unconvinced and unconvinced,
exhausted and weak.
And yet
with a sigh of relief
we are still ready to drown,
even though our grip is too small.",even though our grip is too small.,,
40,41,6938,1988,1988,ЦРКВА (1988),3,ЦРКВА (1988),1,ЗАШТИТА,"ЗАШТИТА
Колку им е потешко на младите
отколку нам
што некако сме ги изгледале.
Ние чекаме отпуст од животот
и молиме за разбирање
за нашите глупости,
а тие треба допрва да застанат
пред тој ист живот
и уште да нè штитат нас
со мера што ја определила
љубовта.",12,љубовта.,"PROTECTION
How much harder it is for young people
than us
which we somehow looked like.
We are waiting for a release from life
and we ask for understanding
for our nonsense,
and they have yet to stop
before that same life
and still protect us
to the extent that it has determined it
love.",love.,,
41,42,6954,1988,1988,ЦРКВА (1988),3,ЦРКВА (1988),1,ЛАСТОВИЦИ,"ЛАСТОВИЦИ
Уште летаат ластовиците,
уште летаат
иако почнува раната есен,
заостанати,
вљубени во нашиот предел,
тие уште не можат да се одделат
од нас,
иако ги чека долг и неминовен пат.
И јас треба да се подготвувам за пат,
а сè ми е потешко да се движам.
Првпат се прашам
како им е на старите ластовици
што треба да летаат
а веќе им отежнале раменцата
на крилјата.",16,на крилјата.,"SWALLOWS
Swallows are still flying,
still flying
although early autumn begins,
backward,
in love with our region,
they still cannot be separated
from U.S,
although a long and inevitable road awaits them.
I have to get ready for the road too,
and everything is harder for me to move.
I wonder for the first time
how are the old swallows
you need to fly
and their shoulders were already heavy
on the wings.",on the wings.,width blue and coup song,
42,43,6967,1988,1988,ЦРКВА (1988),3,ЦРКВА (1988),1,ПРЕЖИВУВАЊЕ,"ПРЕЖИВУВАЊЕ
Какви порази сме морале да издржиме,
какви срамови,
какви поруги.
Боже, умот дури ми се свртува!
Ни помагало нешто, нè крепело нешто,
некаква смешка, некаква површност, –
и по сето тоа
во нас
некаква надеж, некаква желба,
некаква скриена смисла
безрасудно
пак изртува!",13,пак изртува!,"SURVIVAL
What defeats we had to endure,
what a shame,
what a mess.
God, my mind even turns!
Something helped us, something helped us,
some smile, some superficiality, -
and after all that
in us
some hope, some desire,
some hidden meaning
unreasonable
it sprouts again!",it sprouts again!,,
43,44,6978,1988,1988,ЦРКВА (1988),3,ЦРКВА (1988),1,ОПИТ,"ОПИТ
Ова детенце,
тукушто проодено
по паткањето,
ме уверува
со баткањето
дека животот бил чудесен.
Нашло кого да лаже!
Но кој,
и покрај својот горчлив опит,
да не му верува?",11,да не му верува?,"EXPERIMENT
This kid,
just passed
after the duck,
assures me
with batting
that life was wonderful.
He found someone to lie to!
But who,
despite his bitter experience,
not to trust him?",not to trust him?,,
44,45,6996,1988,1988,ЦРКВА (1988),3,ЦРКВА (1988),1,ВИДЕЛО,"ВИДЕЛО
Старата се смее,
дури се кикоти.
А вие си мислите – подобро да плаче,
да заоѓа од липоти.
Но неа сепак
уште, и уште
светлина ја грее
во кругот сè поширок, а мрачен.
И таа си вели
и се моли:
Боже, барем со левово окце
да гледам проѕирки бели,
па макар и да боли.
Старата се смее,
се кикоти и нешто си зборува,
виделото уште згаснато не е,
а полека догорува.",18,а полека догорува.,"SEEN
The old woman laughs,
they even giggle.
And you think - better to cry,
to descend from liposuction.
But her anyway
more, and more
light heats it
in the circle wider and darker.
And she says to herself
and pray:
God, at least with the left eye
to see transparent white,
even if it hurts.
The old woman laughs,
giggles and says something,
the light is not yet extinguished,
and burns slowly.

",and burns slowly.,,
45,46,7005,1988,1988,ЦРКВА (1988),3,ЦРКВА (1988),1,ПО РАБОТ,"ПО РАБОТ
Нам нешто не ни е таман,
како да молиме аман!
И како да нè зема
нешто – за спас да нема.
И како да се гаси
што треба да нè спаси.
Некаков лек зар има
зад неодгатната рима?",9,зад неодгатната рима?,"ON EDGE
Something is not right for us,
how to pray oh!
And how to take us
something - for salvation to be gone.
And how to turn it off
which should save us.
Is there a cure?
behind the ungrateful rhyme?",behind the ungrateful rhyme?,,
46,47,7023,1988,1988,ЦРКВА (1988),3,ЦРКВА (1988),1,РЕЗИГНАЦИЈА,"РЕЗИГНАЦИЈА
Зошто ја чувствуваш оваа тага
што срцево го стегнала ледно,
кога е јасно дека си победен
и треба да ти е
веќе сè едно?
Треба да бидеш сосема мирен,
треба да бидеш докрајно мудар,
да чекаш така без возбуда
секаква навреда и удар.
Дури во тоа што се сака
не можеш сега да имаш вера –
странични желби влечат некаде
и не е денес што било вчера.
Зошто те стега оваа тага
што како магла се шири в гради?
Сега сме сосем беспомошни
ние што бевме силни и млади.",18,ние што бевме силни и млади.,"RESIGNATION
Why do you feel this sadness
which made her heart tight with ice,
when it is clear that you are defeated
and it should be to you
already one thing?
You need to be completely calm,
you have to be extremely wise,
to wait like that without excitement
any insult and blow.
Even in what is wanted
you can not have faith now -
lateral desires drag somewhere
and today is not what it was yesterday.
Why is this sadness gripping you?
what like fog spreads in the chest?
We are completely helpless now
we who were strong and young.",we who were strong and young.,,
47,48,7037,1988,1988,ЦРКВА (1988),3,ЦРКВА (1988),1,ЖИВОТ И СМРТ,"ЖИВОТ И СМРТ
Да не бев роден,
би бил
како глув и слеп
и фатен,
да не бев роден,
не би знаел дури
што е леб
ни што е ден
и што е сончев поглед златен.
Да не бев роден,
ќе бев спокоен,
од сите животни маки
ослободен.",14,ослободен.,"LIFE AND DEATH
If I had not been born,
would be
as deaf and blind
and caught,
if I had not been born,
I would not even know
which is bread
nor what is the day
and what a sunny view is golden.
If I had not been born,
I would be calm,
from all the torments of life
released.",released.,,
48,49,7043,1988,1988,ЦРКВА (1988),3,ЦРКВА (1988),1,ТЕМА,"ТЕМА
Ги нема,
значи – биле.
Па тоа не е лоша тема!
И јас сум бил
штом ќе ме снема.",6,штом ќе ме снема.,"TOPIC
They are gone,
means - were.
Well that's not a bad topic!
I was too
as soon as I'm gone.",as soon as I'm gone.,,
49,50,7059,1988,1988,ЦРКВА (1988),3,ЦРКВА (1988),1,ЃОРЃИ БОЖИКОВ,"ЃОРЃИ БОЖИКОВ
Имала мајка имала
сина си Ѓорѓи Божиков!
Каква става, каква руса брада,
каков Вардар од глас!
Со него беше уште жив
и Гоце Делчев.
А сега повторно гине тој Гоце,
крвави во село Баница,
гине неговата од Жоро
смело зaмислена лика.
Нема веќе кој да запее
со таква сила и мекота
„Темен се облак зададе“,
да се гласи
како орел што клика.",16,како орел што клика.,"GJORGJI BOЖIKOV
She had a mother
you are the son of Gjorgji Bozhikov!
What a pose, what a blond beard,
what a Vardar from the voice!
He was still alive with him
and Goce Delchev.
And now that Goce is dying again,
bloody in the village of Banica,
dies his from Joro
boldly conceived character.
There is no one left to sing anymore
with such force and softness
""Dark is a cloud,""
to be read
like an eagle clicking.",like an eagle clicking.,,
50,51,7083,1988,1988,ЦРКВА (1988),3,ЦРКВА (1988),1,УСПЕНИЕ НА ВЛАДИМИР МОШИН,"УСПЕНИЕ НА ВЛАДИМИР МОШИН
Ѕуни
ситната камбана
на Свети Димитрија.
Непризнатата црква
опева еден непризнат светител
на радост на самего Бога.
Тебе те испраќаме,
тебе,
Владимире Мошин,
тебе што дури од Петроград
се прибра најпосле овде,
да бидеш со нас
презирајќи ги фарисеите.
О поручниче,
о професоре,
о ставрофоре!
Дали случајно било
да станеме пријатели
ти и јас,
стари пријателе?
И сега јас,
збунет
да те испраќам?",24,да те испраќам?,"SUCCESS OF VLADIMIR MOSHIN
June
the tiny bell
of St. Demetrius.
The unrecognized church
sings an unrecognized saint
to the joy of God alone.
We send you,
you,
Vladimir Moshin,
you even from Petrograd
finally got back here,
to be with us
despising the Pharisees.
O lieutenant,
oh professor,
o stavrofore!
Was it a coincidence
to become friends
you and me,
old friend?
And now I,
confused
to send you?",to send you?,on the shore river along a path known,
51,52,7100,1988,1988,ЦРКВА (1988),3,ЦРКВА (1988),1,ВАСИЛ ЧИПОВ,"ВАСИЛ ЧИПОВ
Прости што не те испратив,
брате!
Така се случи.
Еднаш
кога го видов Островското Езеро
кај Пателе
на тебе се сетив
и со тебе ја делев
тогаш
на пролетта милината.
Сега,
вечен самотник,
жеден за братски преграб,
ти
верно
ме чекаш во глината.",17,ме чекаш во глината.,"VASIL CHIPOV
Forgive me for not sending you,
brother!
That's how it happened.
Once
when I saw the Island Lake
at Patele
I remembered you
and I shared it with you
then
the spring millet.
Now,
eternal loner,
thirsty for brotherly embrace,
you
faithfully
you are waiting for me in the clay.",you are waiting for me in the clay.,,
52,53,6118,1987,1987,ПОСЛАНИЕ (1987),2,ПОСЛАНИЕ,1,ЗВУЦИ,"ЗВУЦИ
Оваа бесона августовска ноќ
ме научи
дека има ред во гасењето на звуците.
Прво гасне гласноговорникот
на рингишпилот,
потоа гласот на певиците,
па вревата на последните гости
по летните бавчи и тераси.
Потоа крикот на некои ноќни птици,
дури да се смират и наситат.
Повремено лавнува пес.
Уште е буден хорот на штурците,
но едно по едно штурче молкнува,
и далеку по полноќ се огласува
можеби само едно,
како задолжено да го зачува
за утре
огнето на звукот.
Во таа глува тишина
најпосле ќе чуеш говор на љубовна двојка
што нема обезбедено легло.
Тоа е целиот опит од една непроспиена ноќ
во која останува трајно буден само пулсот
на слепоочниците.",25,на слепоочниците.,"SOUNDS
This boring August night
Taught me
that there is order in the extinguishing of sounds.
The speaker goes out first
on the carousel,
then the voice of the singers,
so the noise of the last guests
in the summer gardens and terraces.
Then the cry of some nocturnal birds,
even to calm down and be satisfied.
Occasionally a dog barks.
The crickets' choir is still awake,
but one by one the crickets are silent,
and far after midnight it is announced
maybe just one,
as obligated to preserve it
for tomorrow
the fire of sound.
In that deaf silence
you will finally hear the speech of a loving couple
which has no bed provided.
That's the whole experience of a sleepless night
in which only the pulse remains permanently awake
on the temples.",on the temples.,,
53,54,6146,1987,1987,ПОСЛАНИЕ (1987),2,ПОСЛАНИЕ,1,ПОСЛАНИЕ,"ПОСЛАНИЕ
Без вас, Тире и Сидоне,
овде се живеело илјадници години
и пак ќе се живее.
Ние луѓето сме како тревана –
ја газат, се суши, се задушува, гине,
само земјата останува.
Ние луѓето сме како мравине –
ги гмечат, ги ништат, и пак се збрале купче.
Одовде тргнал некогаш поход до Инд,
кој можел да го предвиди тоа?
По Via Egnatia Цицерон одел во прогонство
во Солун.
Близу до Драма
призракот на Цезар му се јавил на Брута
под шаторот
спроти решителната битка.
Па се посветиле во Тивериопол
петнаест маченици.
Наум соградил манастир
на извирот на Белото езеро.
Оваа земја го крепела и Марка Кралета.
И сепак,
зар не доживувала таа униженија?
Зар можело без тоа до зрелоста?
Сето е предвидено –
ние си одиме,
а земјата останува.",28,а земјата останува.,"MESSAGE
Without you, Tire and Sidon,
they have lived here for thousands of years
and you will live again.
We humans are like grass -
it is trampled, dried, suffocated, dies,
only the earth remains.
We humans are like ants -
they are crushed, destroyed, and piled up again.
From here he once set out for the Indus,
who could have predicted that?
After Via Egnatia Cicero went into exile
in Thessaloniki.
Close to Drama
Caesar's ghost appeared to Brutus
under the tent
opposite the decisive battle.
So they devoted themselves to Tiberius
fifteen martyrs.
Nahum built a monastery
at the source of White Lake.
This country also supported Marka Kraleta.
And yet,
did she not experience humiliation?
Could it have matured without it?
Everything is provided -
we are leaving
and the earth remains.",and the earth remains.,,
